{"type":"FeatureCollection","name":"nrw_bnetza_chargers","features":[{"type":"Feature","properties":{"id":"1088325","name":"Vermessung Nienhaus","operator":"Vermessungsbüro Nienhaus","status":"In Betrieb","charger_type":"Normalladeeinrichtung","charging_points":1,"connectors":1,"power_kw":3.0,"district_text":"Kreis Borken","region":"Nordrhein-Westfalen","state":"Nordrhein-Westfalen","nuts_code":"DEA34","district_name":"Borken"},"geometry":{"type":"Point","coordinates":[6.860708,51.86421]}},{"type":"Feature","properties":{"id":"1063432","name":"AVIA Volt","operator":"Heinrich Klöcker GmbH & Co. KG","status":"In Betrieb","charger_type":"Schnellladeeinrichtung","charging_points":4,"connectors":4,"power_kw":50.0,"district_text":"Kreis Borken","region":"Nordrhein-Westfalen","state":"Nordrhein-Westfalen","nuts_code":"DEA34","district_name":"Borken"},"geometry":{"type":"Point","coordinates":[6.84698,51.8497]}},{"type":"Feature","properties":{"id":"1096696","name":"Autohaus Gudel-Ehlers GmbH & Co. KG","operator":"Autohaus Gudel-Ehlers GmbH & Co. KG","status":"In Betrieb","charger_type":"Normalladeeinrichtung","charging_points":2,"connectors":2,"power_kw":33.0,"district_text":"Kreis Borken","region":"Nordrhein-Westfalen","state":"Nordrhein-Westfalen","nuts_code":"DEA34","district_name":"Borken"},"geometry":{"type":"Point","coordinates":[6.948179,51.823459]}},{"type":"Feature","properties":{"id":"1034688","name":"Bocholter Energie- und Wasserversorgung GmbH","operator":"Bocholter Energie- und Wasserversorgung GmbH","status":"In Betrieb","charger_type":"Normalladeeinrichtung","charging_points":2,"connectors":2,"power_kw":44.0,"district_text":"Kreis Borken","region":"Nordrhein-Westfalen","state":"Nordrhein-Westfalen","nuts_code":"DEA34","district_name":"Borken"},"geometry":{"type":"Point","coordinates":[6.655538,51.836423]}},{"type":"Feature","properties":{"id":"1131311","name":"Rhegio Natur GmbH","operator":"Rhegio Natur GmbH","status":"In Betrieb","charger_type":"Normalladeeinrichtung","charging_points":2,"connectors":2,"power_kw":44.0,"district_text":"Kreis Borken","region":"Nordrhein-Westfalen","state":"Nordrhein-Westfalen","nuts_code":"DEA34","district_name":"Borken"},"geometry":{"type":"Point","coordinates":[6.71198,51.83739]}},{"type":"Feature","properties":{"id":"1057926","name":"Stadtwerke Gronau GmbH","operator":"Stadtwerke Gronau GmbH","status":"In Betrieb","charger_type":"Normalladeeinrichtung","charging_points":2,"connectors":2,"power_kw":44.0,"district_text":"Kreis Borken","region":"Nordrhein-Westfalen","state":"Nordrhein-Westfalen","nuts_code":"DEA34","district_name":"Borken"},"geometry":{"type":"Point","coordinates":[7.02546,52.21644]}},{"type":"Feature","properties":{"id":"1066528","name":"Cut! Energy GmbH","operator":"Cut! Energy GmbH","status":"In Betrieb","charger_type":"Normalladeeinrichtung","charging_points":2,"connectors":2,"power_kw":44.0,"district_text":"Kreis Borken","region":"Nordrhein-Westfalen","state":"Nordrhein-Westfalen","nuts_code":"DEA34","district_name":"Borken"},"geometry":{"type":"Point","coordinates":[7.00845,52.07425]}},{"type":"Feature","properties":{"id":"1132895","name":"Cut! Energy GmbH","operator":"Cut! Energy GmbH","status":"In Betrieb","charger_type":"Normalladeeinrichtung","charging_points":2,"connectors":2,"power_kw":44.0,"district_text":"Kreis Borken","region":"Nordrhein-Westfalen","state":"Nordrhein-Westfalen","nuts_code":"DEA34","district_name":"Borken"},"geometry":{"type":"Point","coordinates":[6.90482,51.99014]}},{"type":"Feature","properties":{"id":"1070195","name":"Hohe Mark Energie GmbH","operator":"Hohe Mark Energie GmbH","status":"In Betrieb","charger_type":"Schnellladeeinrichtung","charging_points":2,"connectors":2,"power_kw":100.0,"district_text":"Kreis Borken","region":"Nordrhein-Westfalen","state":"Nordrhein-Westfalen","nuts_code":"DEA34","district_name":"Borken"},"geometry":{"type":"Point","coordinates":[7.04461,51.83166]}},{"type":"Feature","properties":{"id":"1084952","name":"Bernd Possmeier","operator":"Bernd Possmeier","status":"In Betrieb","charger_type":"Normalladeeinrichtung","charging_points":1,"connectors":1,"power_kw":11.0,"district_text":"Kreis Coesfeld","region":"Nordrhein-Westfalen","state":"Nordrhein-Westfalen","nuts_code":"DEA35","district_name":"Coesfeld"},"geometry":{"type":"Point","coordinates":[7.350963,51.931333]}},{"type":"Feature","properties":{"id":"1114803","name":"Volksbank Westmünsterland eG","operator":"Volksbank Westmünsterland eG","status":"In Betrieb","charger_type":"Normalladeeinrichtung","charging_points":4,"connectors":4,"power_kw":22.0,"district_text":"Kreis Coesfeld","region":"Nordrhein-Westfalen","state":"Nordrhein-Westfalen","nuts_code":"DEA35","district_name":"Coesfeld"},"geometry":{"type":"Point","coordinates":[7.16412,51.94371]}},{"type":"Feature","properties":{"id":"1089710","name":"Klapheck Photovoltaik GbR","operator":"Klapheck Photovoltaik GbR","status":"In Betrieb","charger_type":"Normalladeeinrichtung","charging_points":2,"connectors":2,"power_kw":44.0,"district_text":"Kreis Coesfeld","region":"Nordrhein-Westfalen","state":"Nordrhein-Westfalen","nuts_code":"DEA35","district_name":"Coesfeld"},"geometry":{"type":"Point","coordinates":[7.41164,51.76377]}},{"type":"Feature","properties":{"id":"1125526","name":"Servipark Deutschland GmbH","operator":"Servipark Deutschland GmbH","status":"In Betrieb","charger_type":"Normalladeeinrichtung","charging_points":1,"connectors":1,"power_kw":22.0,"district_text":"Kreis Düren","region":"Nordrhein-Westfalen","state":"Nordrhein-Westfalen","nuts_code":"DEA26","district_name":"Düren"},"geometry":{"type":"Point","coordinates":[6.47938,50.805752]}},{"type":"Feature","properties":{"id":"1136113","name":"E.ON Drive GmbH","operator":"E.ON Drive GmbH","status":"In Betrieb","charger_type":"Normalladeeinrichtung","charging_points":1,"connectors":1,"power_kw":11.0,"district_text":"Kreis Düren","region":"Nordrhein-Westfalen","state":"Nordrhein-Westfalen","nuts_code":"DEA26","district_name":"Düren"},"geometry":{"type":"Point","coordinates":[6.483622,50.806303]}},{"type":"Feature","properties":{"id":"1147003","name":"Westfalen AG","operator":"Westfalen AG","status":"In Betrieb","charger_type":"Schnellladeeinrichtung","charging_points":2,"connectors":2,"power_kw":150.0,"district_text":"Kreis Düren","region":"Nordrhein-Westfalen","state":"Nordrhein-Westfalen","nuts_code":"DEA26","district_name":"Düren"},"geometry":{"type":"Point","coordinates":[6.517439,50.81422]}},{"type":"Feature","properties":{"id":"1012757","name":"Westenergie Metering GmbH","operator":"Westenergie Metering GmbH","status":"In Betrieb","charger_type":"Normalladeeinrichtung","charging_points":2,"connectors":2,"power_kw":44.0,"district_text":"Kreis Düren","region":"Nordrhein-Westfalen","state":"Nordrhein-Westfalen","nuts_code":"DEA26","district_name":"Düren"},"geometry":{"type":"Point","coordinates":[6.4712,50.87245]}},{"type":"Feature","properties":{"id":"1085663","name":"Frank Adels","operator":"Frank Adels","status":"In Betrieb","charger_type":"Normalladeeinrichtung","charging_points":1,"connectors":1,"power_kw":11.0,"district_text":"Kreis Düren","region":"Nordrhein-Westfalen","state":"Nordrhein-Westfalen","nuts_code":"DEA26","district_name":"Düren"},"geometry":{"type":"Point","coordinates":[6.429139,50.954679]}},{"type":"Feature","properties":{"id":"1142507","name":"Qwello Deutschland GmbH","operator":"Qwello Deutschland GmbH","status":"In Betrieb","charger_type":"Normalladeeinrichtung","charging_points":1,"connectors":1,"power_kw":22.0,"district_text":"Kreis Ennepe-Ruhr-Kreis","region":"Nordrhein-Westfalen","state":"Nordrhein-Westfalen","nuts_code":"DEA56","district_name":"Ennepe-Ruhr-Kreis"},"geometry":{"type":"Point","coordinates":[7.176004,51.388496]}},{"type":"Feature","properties":{"id":"1026657","name":"EnBW mobility+ AG und Co.KG ","operator":"EnBW mobility+ AG und Co.KG ","status":"In Betrieb","charger_type":"Schnellladeeinrichtung","charging_points":2,"connectors":2,"power_kw":150.0,"district_text":"Kreis Ennepe-Ruhr-Kreis","region":"Nordrhein-Westfalen","state":"Nordrhein-Westfalen","nuts_code":"DEA56","district_name":"Ennepe-Ruhr-Kreis"},"geometry":{"type":"Point","coordinates":[7.358371,51.297259]}},{"type":"Feature","properties":{"id":"1055755","name":"Stadtwerke Witten Energielösungen GmbH","operator":"Stadtwerke Witten Energielösungen GmbH","status":"In Betrieb","charger_type":"Normalladeeinrichtung","charging_points":2,"connectors":2,"power_kw":44.0,"district_text":"Kreis Ennepe-Ruhr-Kreis","region":"Nordrhein-Westfalen","state":"Nordrhein-Westfalen","nuts_code":"DEA56","district_name":"Ennepe-Ruhr-Kreis"},"geometry":{"type":"Point","coordinates":[7.3329,51.43617]}},{"type":"Feature","properties":{"id":"1022195","name":"EWE Go GmbH","operator":"EWE Go GmbH","status":"In Betrieb","charger_type":"Schnellladeeinrichtung","charging_points":2,"connectors":2,"power_kw":300.0,"district_text":"Kreis Ennepe-Ruhr-Kreis","region":"Nordrhein-Westfalen","state":"Nordrhein-Westfalen","nuts_code":"DEA56","district_name":"Ennepe-Ruhr-Kreis"},"geometry":{"type":"Point","coordinates":[7.352082,51.442338]}},{"type":"Feature","properties":{"id":"1077653","name":"Westenergie Metering GmbH","operator":"Westenergie Metering GmbH","status":"In Betrieb","charger_type":"Normalladeeinrichtung","charging_points":2,"connectors":2,"power_kw":44.0,"district_text":"Kreis Euskirchen","region":"Nordrhein-Westfalen","state":"Nordrhein-Westfalen","nuts_code":"DEA28","district_name":"Euskirchen"},"geometry":{"type":"Point","coordinates":[6.652196,50.590913]}},{"type":"Feature","properties":{"id":"1010726","name":"e-regio","operator":"e-regio GmbH & Co. KG","status":"In Betrieb","charger_type":"Normalladeeinrichtung","charging_points":2,"connectors":2,"power_kw":44.0,"district_text":"Kreis Euskirchen","region":"Nordrhein-Westfalen","state":"Nordrhein-Westfalen","nuts_code":"DEA28","district_name":"Euskirchen"},"geometry":{"type":"Point","coordinates":[6.574853,50.546287]}},{"type":"Feature","properties":{"id":"1138793","name":"EnBW mobility+ AG und Co.KG ","operator":"EnBW mobility+ AG und Co.KG ","status":"In Betrieb","charger_type":"Schnellladeeinrichtung","charging_points":2,"connectors":2,"power_kw":100.0,"district_text":"Kreis Gütersloh","region":"Nordrhein-Westfalen","state":"Nordrhein-Westfalen","nuts_code":"DEA42","district_name":"Gütersloh"},"geometry":{"type":"Point","coordinates":[8.3805,51.9133]}},{"type":"Feature","properties":{"id":"1086171","name":"Jan Luca Wiehenstroth","operator":"Jan Luca Wiehenstroth","status":"In Betrieb","charger_type":"Normalladeeinrichtung","charging_points":1,"connectors":1,"power_kw":11.0,"district_text":"Kreis Gütersloh","region":"Nordrhein-Westfalen","state":"Nordrhein-Westfalen","nuts_code":"DEA42","district_name":"Gütersloh"},"geometry":{"type":"Point","coordinates":[8.436098,51.930666]}},{"type":"Feature","properties":{"id":"1032030","name":"TotalEnergies Charging Solutions","operator":"TotalEnergies Charging Solutions Deutschland GmbH","status":"In Betrieb","charger_type":"Schnellladeeinrichtung","charging_points":3,"connectors":3,"power_kw":150.0,"district_text":"Kreis Gütersloh","region":"Nordrhein-Westfalen","state":"Nordrhein-Westfalen","nuts_code":"DEA42","district_name":"Gütersloh"},"geometry":{"type":"Point","coordinates":[8.368117,51.796652]}},{"type":"Feature","properties":{"id":"1069183","name":"HCL Solar KG","operator":"HCL Solar KG","status":"In Betrieb","charger_type":"Normalladeeinrichtung","charging_points":2,"connectors":2,"power_kw":22.0,"district_text":"Kreis Gütersloh","region":"Nordrhein-Westfalen","state":"Nordrhein-Westfalen","nuts_code":"DEA42","district_name":"Gütersloh"},"geometry":{"type":"Point","coordinates":[8.639961,51.905391]}},{"type":"Feature","properties":{"id":"1091618","name":"Gemeindewerke Steinhagen Service GmbH & Co. KG","operator":"Gemeindewerke Steinhagen Service GmbH & Co. KG","status":"In Betrieb","charger_type":"Normalladeeinrichtung","charging_points":2,"connectors":2,"power_kw":44.0,"district_text":"Kreis Gütersloh","region":"Nordrhein-Westfalen","state":"Nordrhein-Westfalen","nuts_code":"DEA42","district_name":"Gütersloh"},"geometry":{"type":"Point","coordinates":[8.41524,52.005805]}},{"type":"Feature","properties":{"id":"1026409","name":"EnBW mobility+ AG und Co.KG ","operator":"EnBW mobility+ AG und Co.KG ","status":"In Betrieb","charger_type":"Schnellladeeinrichtung","charging_points":2,"connectors":2,"power_kw":300.0,"district_text":"Kreis Heinsberg","region":"Nordrhein-Westfalen","state":"Nordrhein-Westfalen","nuts_code":"DEA29","district_name":"Heinsberg"},"geometry":{"type":"Point","coordinates":[6.302188,51.070052]}},{"type":"Feature","properties":{"id":"1118139","name":"NEW","operator":"NEW Niederrhein Energie und Wasser GmbH","status":"In Betrieb","charger_type":"Normalladeeinrichtung","charging_points":2,"connectors":2,"power_kw":22.0,"district_text":"Kreis Heinsberg","region":"Nordrhein-Westfalen","state":"Nordrhein-Westfalen","nuts_code":"DEA29","district_name":"Heinsberg"},"geometry":{"type":"Point","coordinates":[6.153659,51.099943]}},{"type":"Feature","properties":{"id":"1029777","name":"NEW","operator":"NEW Niederrhein Energie und Wasser GmbH","status":"In Betrieb","charger_type":"Normalladeeinrichtung","charging_points":2,"connectors":2,"power_kw":30.0,"district_text":"Kreis Heinsberg","region":"Nordrhein-Westfalen","state":"Nordrhein-Westfalen","nuts_code":"DEA29","district_name":"Heinsberg"},"geometry":{"type":"Point","coordinates":[5.898014,51.016922]}},{"type":"Feature","properties":{"id":"1131849","name":"Tesla Germany GmbH","operator":"Tesla Germany GmbH","status":"In Betrieb","charger_type":"Schnellladeeinrichtung","charging_points":1,"connectors":1,"power_kw":250.0,"district_text":"Kreis Herford","region":"Nordrhein-Westfalen","state":"Nordrhein-Westfalen","nuts_code":"DEA43","district_name":"Herford"},"geometry":{"type":"Point","coordinates":[8.675304,52.126822]}},{"type":"Feature","properties":{"id":"1138754","name":"eze.network GmbH","operator":"eze.network GmbH","status":"In Betrieb","charger_type":"Normalladeeinrichtung","charging_points":2,"connectors":2,"power_kw":22.0,"district_text":"Kreis Herford","region":"Nordrhein-Westfalen","state":"Nordrhein-Westfalen","nuts_code":"DEA43","district_name":"Herford"},"geometry":{"type":"Point","coordinates":[8.566367,52.2043]}},{"type":"Feature","properties":{"id":"1066704","name":"Lade.ZEIT GmbH","operator":"Lade.ZEIT GmbH","status":"In Betrieb","charger_type":"Schnellladeeinrichtung","charging_points":2,"connectors":2,"power_kw":100.0,"district_text":"Kreis Herford","region":"Nordrhein-Westfalen","state":"Nordrhein-Westfalen","nuts_code":"DEA43","district_name":"Herford"},"geometry":{"type":"Point","coordinates":[8.758093,52.212128]}},{"type":"Feature","properties":{"id":"1027087","name":"EnBW mobility+ AG und Co.KG ","operator":"EnBW mobility+ AG und Co.KG ","status":"In Betrieb","charger_type":"Schnellladeeinrichtung","charging_points":2,"connectors":2,"power_kw":150.0,"district_text":"Kreis Hochsauerlandkreis","region":"Nordrhein-Westfalen","state":"Nordrhein-Westfalen","nuts_code":"DEA57","district_name":"Hochsauerlandkreis"},"geometry":{"type":"Point","coordinates":[8.28137,51.15219]}},{"type":"Feature","properties":{"id":"1076298","name":"AEF - Alternatives Energie Forum GmbH & Co. KG","operator":"AEF - Alternatives Energie Forum GmbH & Co. KG","status":"In Betrieb","charger_type":"Normalladeeinrichtung","charging_points":2,"connectors":2,"power_kw":44.0,"district_text":"Kreis Hochsauerlandkreis","region":"Nordrhein-Westfalen","state":"Nordrhein-Westfalen","nuts_code":"DEA57","district_name":"Hochsauerlandkreis"},"geometry":{"type":"Point","coordinates":[7.992541,51.35246]}},{"type":"Feature","properties":{"id":"1076279","name":"Rolf Lienenbecker","operator":"Rolf Lienenbecker","status":"In Betrieb","charger_type":"Normalladeeinrichtung","charging_points":2,"connectors":2,"power_kw":33.0,"district_text":"Kreis Hochsauerlandkreis","region":"Nordrhein-Westfalen","state":"Nordrhein-Westfalen","nuts_code":"DEA57","district_name":"Hochsauerlandkreis"},"geometry":{"type":"Point","coordinates":[8.57965,51.336278]}},{"type":"Feature","properties":{"id":"1038675","name":"Haus Wiesengrund","operator":"Dirk Josef Knecht e.K.","status":"In Betrieb","charger_type":"Normalladeeinrichtung","charging_points":2,"connectors":2,"power_kw":22.0,"district_text":"Kreis Hochsauerlandkreis","region":"Nordrhein-Westfalen","state":"Nordrhein-Westfalen","nuts_code":"DEA57","district_name":"Hochsauerlandkreis"},"geometry":{"type":"Point","coordinates":[8.680427,51.114353]}},{"type":"Feature","properties":{"id":"1028388","name":"Westfalen Weser Ladeservice GmbH","operator":"Westfalen Weser Ladeservice GmbH","status":"In Betrieb","charger_type":"Normalladeeinrichtung","charging_points":2,"connectors":2,"power_kw":44.0,"district_text":"Kreis Höxter","region":"Nordrhein-Westfalen","state":"Nordrhein-Westfalen","nuts_code":"DEA44","district_name":"Höxter"},"geometry":{"type":"Point","coordinates":[9.058667,51.522229]}},{"type":"Feature","properties":{"id":"1035869","name":"ALDI SÜD","operator":"ALDI SÜD Immobilienverwaltungs-GmbH & Co. oHG","status":"In Betrieb","charger_type":"Schnellladeeinrichtung","charging_points":3,"connectors":3,"power_kw":150.0,"district_text":"Kreis Kleve","region":"Nordrhein-Westfalen","state":"Nordrhein-Westfalen","nuts_code":"DEA1B","district_name":"Kleve"},"geometry":{"type":"Point","coordinates":[6.252111,51.833444]}},{"type":"Feature","properties":{"id":"1067090","name":"Meistermacher Convenience Food GmbH","operator":"Meistermacher Convenience Food GmbH","status":"In Betrieb","charger_type":"Normalladeeinrichtung","charging_points":2,"connectors":2,"power_kw":44.0,"district_text":"Kreis Kleve","region":"Nordrhein-Westfalen","state":"Nordrhein-Westfalen","nuts_code":"DEA1B","district_name":"Kleve"},"geometry":{"type":"Point","coordinates":[6.138228,51.803448]}},{"type":"Feature","properties":{"id":"1045729","name":"Stadtwerke Goch Energie GmbH","operator":"Stadtwerke Goch Energie GmbH","status":"In Betrieb","charger_type":"Normalladeeinrichtung","charging_points":2,"connectors":2,"power_kw":44.0,"district_text":"Kreis Kleve","region":"Nordrhein-Westfalen","state":"Nordrhein-Westfalen","nuts_code":"DEA1B","district_name":"Kleve"},"geometry":{"type":"Point","coordinates":[6.089115,51.702234]}},{"type":"Feature","properties":{"id":"1072002","name":"Stadtwerke Geldern GmbH","operator":"Stadtwerke Geldern GmbH","status":"In Betrieb","charger_type":"Normalladeeinrichtung","charging_points":2,"connectors":2,"power_kw":44.0,"district_text":"Kreis Kleve","region":"Nordrhein-Westfalen","state":"Nordrhein-Westfalen","nuts_code":"DEA1B","district_name":"Kleve"},"geometry":{"type":"Point","coordinates":[6.323392,51.515784]}},{"type":"Feature","properties":{"id":"1009074","name":"Shell Deutschland GmbH","operator":"Shell Deutschland GmbH","status":"In Betrieb","charger_type":"Schnellladeeinrichtung","charging_points":2,"connectors":2,"power_kw":360.0,"district_text":"Kreis Kleve","region":"Nordrhein-Westfalen","state":"Nordrhein-Westfalen","nuts_code":"DEA1B","district_name":"Kleve"},"geometry":{"type":"Point","coordinates":[6.274792,51.432161]}},{"type":"Feature","properties":{"id":"1072285","name":"Wirtschaftsbetriebe Bad Salzuflen GmbH","operator":"Wirtschaftsbetriebe Bad Salzuflen GmbH","status":"In Betrieb","charger_type":"Normalladeeinrichtung","charging_points":2,"connectors":2,"power_kw":44.0,"district_text":"Kreis Lippe","region":"Nordrhein-Westfalen","state":"Nordrhein-Westfalen","nuts_code":"DEA45","district_name":"Lippe"},"geometry":{"type":"Point","coordinates":[8.769568,52.028029]}},{"type":"Feature","properties":{"id":"1053422","name":"SWARCO Traffic Systems GmbH","operator":"Swarco Traffic Systems GmbH","status":"In Betrieb","charger_type":"Normalladeeinrichtung","charging_points":1,"connectors":1,"power_kw":11.0,"district_text":"Kreis Lippe","region":"Nordrhein-Westfalen","state":"Nordrhein-Westfalen","nuts_code":"DEA45","district_name":"Lippe"},"geometry":{"type":"Point","coordinates":[8.882721,51.934555]}},{"type":"Feature","properties":{"id":"1136529","name":"Dr. Becker Klinikgesellschaft SE & Co. KG","operator":"Dr. Becker Klinikgesellschaft SE & Co. KG","status":"In Betrieb","charger_type":"Normalladeeinrichtung","charging_points":2,"connectors":2,"power_kw":22.0,"district_text":"Kreis Lippe","region":"Nordrhein-Westfalen","state":"Nordrhein-Westfalen","nuts_code":"DEA45","district_name":"Lippe"},"geometry":{"type":"Point","coordinates":[8.98465,51.89866]}},{"type":"Feature","properties":{"id":"1129792","name":"Märkischer Kreis - Der Landrat","operator":"Märkischer Kreis - Der Landrat","status":"In Betrieb","charger_type":"Normalladeeinrichtung","charging_points":2,"connectors":2,"power_kw":22.0,"district_text":"Kreis Märkischer Kreis","region":"Nordrhein-Westfalen","state":"Nordrhein-Westfalen","nuts_code":"DEA58","district_name":"Märkischer Kreis"},"geometry":{"type":"Point","coordinates":[7.61342,51.22432]}},{"type":"Feature","properties":{"id":"1097427","name":"Knabe GmbH & Co.KG","operator":"Knabe GmbH & Co.KG","status":"In Betrieb","charger_type":"Normalladeeinrichtung","charging_points":1,"connectors":1,"power_kw":11.0,"district_text":"Kreis Märkischer Kreis","region":"Nordrhein-Westfalen","state":"Nordrhein-Westfalen","nuts_code":"DEA58","district_name":"Märkischer Kreis"},"geometry":{"type":"Point","coordinates":[7.593356,51.124044]}},{"type":"Feature","properties":{"id":"1086102","name":"Immobilienverwaltung Rebhuhnweg GbR","operator":"Immobilienverwaltung Rebhuhnweg GbR","status":"In Betrieb","charger_type":"Normalladeeinrichtung","charging_points":2,"connectors":2,"power_kw":44.0,"district_text":"Kreis Märkischer Kreis","region":"Nordrhein-Westfalen","state":"Nordrhein-Westfalen","nuts_code":"DEA58","district_name":"Märkischer Kreis"},"geometry":{"type":"Point","coordinates":[7.677668,51.392486]}},{"type":"Feature","properties":{"id":"1128155","name":"Wattif Europe GmbH","operator":"Wattif Europe GmbH","status":"In Betrieb","charger_type":"Normalladeeinrichtung","charging_points":1,"connectors":1,"power_kw":22.0,"district_text":"Kreis Märkischer Kreis","region":"Nordrhein-Westfalen","state":"Nordrhein-Westfalen","nuts_code":"DEA58","district_name":"Märkischer Kreis"},"geometry":{"type":"Point","coordinates":[7.799904,51.437213]}},{"type":"Feature","properties":{"id":"1040619","name":"Mark-E AG","operator":"Mark-E Aktiengesellschaft","status":"In Betrieb","charger_type":"Normalladeeinrichtung","charging_points":2,"connectors":2,"power_kw":44.0,"district_text":"Kreis Märkischer Kreis","region":"Nordrhein-Westfalen","state":"Nordrhein-Westfalen","nuts_code":"DEA58","district_name":"Märkischer Kreis"},"geometry":{"type":"Point","coordinates":[7.878504,51.212514]}},{"type":"Feature","properties":{"id":"1064445","name":"Shell Deutschland GmbH","operator":"Shell Deutschland GmbH","status":"In Betrieb","charger_type":"Schnellladeeinrichtung","charging_points":2,"connectors":2,"power_kw":300.0,"district_text":"Kreis Mettmann","region":"Nordrhein-Westfalen","state":"Nordrhein-Westfalen","nuts_code":"DEA1C","district_name":"Mettmann"},"geometry":{"type":"Point","coordinates":[6.939233,51.200457]}},{"type":"Feature","properties":{"id":"1041738","name":"Neue Energien Hilden","operator":"Neue Energien Hilden GmbH","status":"In Betrieb","charger_type":"Normalladeeinrichtung","charging_points":2,"connectors":2,"power_kw":44.0,"district_text":"Kreis Mettmann","region":"Nordrhein-Westfalen","state":"Nordrhein-Westfalen","nuts_code":"DEA1C","district_name":"Mettmann"},"geometry":{"type":"Point","coordinates":[6.97893,51.171668]}},{"type":"Feature","properties":{"id":"1104449","name":"Stadtwerke Langenfeld GmbH","operator":"Stadtwerke Langenfeld GmbH","status":"In Betrieb","charger_type":"Normalladeeinrichtung","charging_points":2,"connectors":2,"power_kw":44.0,"district_text":"Kreis Mettmann","region":"Nordrhein-Westfalen","state":"Nordrhein-Westfalen","nuts_code":"DEA1C","district_name":"Mettmann"},"geometry":{"type":"Point","coordinates":[6.943378,51.129664]}},{"type":"Feature","properties":{"id":"1001273","name":"MEGA Kundenparkplatz","operator":"Monheimer Elektrizitäts- und Gasversorgung GmbH","status":"In Betrieb","charger_type":"Normalladeeinrichtung","charging_points":2,"connectors":2,"power_kw":22.0,"district_text":"Kreis Mettmann","region":"Nordrhein-Westfalen","state":"Nordrhein-Westfalen","nuts_code":"DEA1C","district_name":"Mettmann"},"geometry":{"type":"Point","coordinates":[6.885236,51.09989]}},{"type":"Feature","properties":{"id":"1068535","name":"Acopio","operator":"Acopio Facility GmbH & Co. KG","status":"In Betrieb","charger_type":"Normalladeeinrichtung","charging_points":2,"connectors":2,"power_kw":22.0,"district_text":"Kreis Mettmann","region":"Nordrhein-Westfalen","state":"Nordrhein-Westfalen","nuts_code":"DEA1C","district_name":"Mettmann"},"geometry":{"type":"Point","coordinates":[6.81943,51.29407]}},{"type":"Feature","properties":{"id":"1045878","name":"Neue Energien GmbH","operator":"Neue Energien GmbH","status":"In Betrieb","charger_type":"Normalladeeinrichtung","charging_points":2,"connectors":2,"power_kw":44.0,"district_text":"Kreis Mettmann","region":"Nordrhein-Westfalen","state":"Nordrhein-Westfalen","nuts_code":"DEA1C","district_name":"Mettmann"},"geometry":{"type":"Point","coordinates":[7.019605,51.338168]}},{"type":"Feature","properties":{"id":"1045908","name":"Neue Energien GmbH","operator":"Neue Energien GmbH","status":"In Betrieb","charger_type":"Normalladeeinrichtung","charging_points":2,"connectors":2,"power_kw":44.0,"district_text":"Kreis Mettmann","region":"Nordrhein-Westfalen","state":"Nordrhein-Westfalen","nuts_code":"DEA1C","district_name":"Mettmann"},"geometry":{"type":"Point","coordinates":[7.1335,51.365056]}},{"type":"Feature","properties":{"id":"1070498","name":"Stadtwerke Lübbecke GmbH","operator":"Stadtwerke Lübbecke GmbH","status":"In Betrieb","charger_type":"Normalladeeinrichtung","charging_points":2,"connectors":2,"power_kw":22.0,"district_text":"Kreis Minden-Lübbecke","region":"Nordrhein-Westfalen","state":"Nordrhein-Westfalen","nuts_code":"DEA46","district_name":"Minden-Lübbecke"},"geometry":{"type":"Point","coordinates":[8.709494,52.305117]}},{"type":"Feature","properties":{"id":"1028287","name":"Westfalen Weser Ladeservice GmbH","operator":"Westfalen Weser Ladeservice GmbH","status":"In Betrieb","charger_type":"Normalladeeinrichtung","charging_points":2,"connectors":2,"power_kw":44.0,"district_text":"Kreis Minden-Lübbecke","region":"Nordrhein-Westfalen","state":"Nordrhein-Westfalen","nuts_code":"DEA46","district_name":"Minden-Lübbecke"},"geometry":{"type":"Point","coordinates":[8.91135,52.283059]}},{"type":"Feature","properties":{"id":"1043742","name":"Allego","operator":"Allego GmbH","status":"In Betrieb","charger_type":"Schnellladeeinrichtung","charging_points":2,"connectors":2,"power_kw":300.0,"district_text":"Kreis Minden-Lübbecke","region":"Nordrhein-Westfalen","state":"Nordrhein-Westfalen","nuts_code":"DEA46","district_name":"Minden-Lübbecke"},"geometry":{"type":"Point","coordinates":[8.87914,52.21316]}},{"type":"Feature","properties":{"id":"1043291","name":"Allego","operator":"Allego GmbH","status":"In Betrieb","charger_type":"Schnellladeeinrichtung","charging_points":2,"connectors":2,"power_kw":300.0,"district_text":"Kreis Minden-Lübbecke","region":"Nordrhein-Westfalen","state":"Nordrhein-Westfalen","nuts_code":"DEA46","district_name":"Minden-Lübbecke"},"geometry":{"type":"Point","coordinates":[8.814601,52.213426]}},{"type":"Feature","properties":{"id":"1104423","name":"Gemeindewerke Nümbrecht GmbH","operator":"Gemeindewerke Nümbrecht GmbH","status":"In Betrieb","charger_type":"Normalladeeinrichtung","charging_points":2,"connectors":2,"power_kw":22.0,"district_text":"Kreis Oberbergischer Kreis","region":"Nordrhein-Westfalen","state":"Nordrhein-Westfalen","nuts_code":"DEA2A","district_name":"Oberbergischer Kreis"},"geometry":{"type":"Point","coordinates":[7.545535,50.905224]}},{"type":"Feature","properties":{"id":"1090907","name":"inno2grid GmbH","operator":"inno2grid GmbH","status":"In Betrieb","charger_type":"Normalladeeinrichtung","charging_points":2,"connectors":2,"power_kw":44.0,"district_text":"Kreis Oberbergischer Kreis","region":"Nordrhein-Westfalen","state":"Nordrhein-Westfalen","nuts_code":"DEA2A","district_name":"Oberbergischer Kreis"},"geometry":{"type":"Point","coordinates":[7.513588,50.948039]}},{"type":"Feature","properties":{"id":"1011171","name":"TankE GmbH","operator":"TankE GmbH","status":"In Betrieb","charger_type":"Normalladeeinrichtung","charging_points":2,"connectors":2,"power_kw":44.0,"district_text":"Kreis Oberbergischer Kreis","region":"Nordrhein-Westfalen","state":"Nordrhein-Westfalen","nuts_code":"DEA2A","district_name":"Oberbergischer Kreis"},"geometry":{"type":"Point","coordinates":[7.32117,51.020428]}},{"type":"Feature","properties":{"id":"1105492","name":"Kaltenbach Automobile GmbH & Co. KG","operator":"Kaltenbach Automobile GmbH & Co. KG","status":"In Betrieb","charger_type":"Normalladeeinrichtung","charging_points":2,"connectors":2,"power_kw":44.0,"district_text":"Kreis Olpe","region":"Nordrhein-Westfalen","state":"Nordrhein-Westfalen","nuts_code":"DEA59","district_name":"Olpe"},"geometry":{"type":"Point","coordinates":[7.837923,51.003138]}},{"type":"Feature","properties":{"id":"1028318","name":"Westfalen Weser Ladeservice GmbH","operator":"Westfalen Weser Ladeservice GmbH","status":"In Betrieb","charger_type":"Normalladeeinrichtung","charging_points":1,"connectors":1,"power_kw":22.0,"district_text":"Kreis Paderborn","region":"Nordrhein-Westfalen","state":"Nordrhein-Westfalen","nuts_code":"DEA47","district_name":"Paderborn"},"geometry":{"type":"Point","coordinates":[8.793514,51.728416]}},{"type":"Feature","properties":{"id":"1139756","name":"eze.network GmbH","operator":"eze.network GmbH","status":"In Betrieb","charger_type":"Normalladeeinrichtung","charging_points":2,"connectors":2,"power_kw":22.0,"district_text":"Kreis Paderborn","region":"Nordrhein-Westfalen","state":"Nordrhein-Westfalen","nuts_code":"DEA47","district_name":"Paderborn"},"geometry":{"type":"Point","coordinates":[8.743155,51.727014]}},{"type":"Feature","properties":{"id":"1134582","name":"EnBW mobility+ AG und Co.KG ","operator":"EnBW mobility+ AG und Co.KG ","status":"In Betrieb","charger_type":"Schnellladeeinrichtung","charging_points":2,"connectors":2,"power_kw":200.0,"district_text":"Kreis Paderborn","region":"Nordrhein-Westfalen","state":"Nordrhein-Westfalen","nuts_code":"DEA47","district_name":"Paderborn"},"geometry":{"type":"Point","coordinates":[8.7154,51.7305]}},{"type":"Feature","properties":{"id":"1100996","name":"Tesla Germany GmbH","operator":"Tesla Germany GmbH","status":"In Betrieb","charger_type":"Schnellladeeinrichtung","charging_points":1,"connectors":1,"power_kw":250.0,"district_text":"Kreis Paderborn","region":"Nordrhein-Westfalen","state":"Nordrhein-Westfalen","nuts_code":"DEA47","district_name":"Paderborn"},"geometry":{"type":"Point","coordinates":[8.713781,51.710912]}},{"type":"Feature","properties":{"id":"1087949","name":"Stromerzeugung Scholtyssek","operator":"Stromerzeugung Scholtyssek","status":"In Betrieb","charger_type":"Normalladeeinrichtung","charging_points":1,"connectors":1,"power_kw":11.0,"district_text":"Kreis Paderborn","region":"Nordrhein-Westfalen","state":"Nordrhein-Westfalen","nuts_code":"DEA47","district_name":"Paderborn"},"geometry":{"type":"Point","coordinates":[8.660755,51.64198]}},{"type":"Feature","properties":{"id":"1028187","name":"Westfalen Weser Ladeservice GmbH","operator":"Westfalen Weser Ladeservice GmbH","status":"In Betrieb","charger_type":"Normalladeeinrichtung","charging_points":2,"connectors":2,"power_kw":44.0,"district_text":"Kreis Paderborn","region":"Nordrhein-Westfalen","state":"Nordrhein-Westfalen","nuts_code":"DEA47","district_name":"Paderborn"},"geometry":{"type":"Point","coordinates":[8.723824,51.666907]}},{"type":"Feature","properties":{"id":"1017383","name":"Stadtwerke Castrop-Rauxel GmbH","operator":"Stadtwerke Castrop-Rauxel GmbH","status":"In Betrieb","charger_type":"Normalladeeinrichtung","charging_points":2,"connectors":2,"power_kw":44.0,"district_text":"Kreis Recklinghausen","region":"Nordrhein-Westfalen","state":"Nordrhein-Westfalen","nuts_code":"DEA36","district_name":"Recklinghausen"},"geometry":{"type":"Point","coordinates":[7.329971,51.56626]}},{"type":"Feature","properties":{"id":"1017411","name":"Stadtwerke Castrop-Rauxel GmbH","operator":"Stadtwerke Castrop-Rauxel GmbH","status":"In Betrieb","charger_type":"Normalladeeinrichtung","charging_points":2,"connectors":2,"power_kw":44.0,"district_text":"Kreis Recklinghausen","region":"Nordrhein-Westfalen","state":"Nordrhein-Westfalen","nuts_code":"DEA36","district_name":"Recklinghausen"},"geometry":{"type":"Point","coordinates":[7.354225,51.595846]}},{"type":"Feature","properties":{"id":"1134639","name":"EnBW mobility+ AG und Co.KG ","operator":"EnBW mobility+ AG und Co.KG ","status":"In Betrieb","charger_type":"Schnellladeeinrichtung","charging_points":2,"connectors":2,"power_kw":150.0,"district_text":"Kreis Recklinghausen","region":"Nordrhein-Westfalen","state":"Nordrhein-Westfalen","nuts_code":"DEA36","district_name":"Recklinghausen"},"geometry":{"type":"Point","coordinates":[7.2343,51.5737]}},{"type":"Feature","properties":{"id":"1050323","name":"Pfalzwerke AG","operator":"Pfalzwerke AG","status":"In Betrieb","charger_type":"Schnellladeeinrichtung","charging_points":2,"connectors":2,"power_kw":93.0,"district_text":"Kreis Recklinghausen","region":"Nordrhein-Westfalen","state":"Nordrhein-Westfalen","nuts_code":"DEA36","district_name":"Recklinghausen"},"geometry":{"type":"Point","coordinates":[7.3221,51.6208]}},{"type":"Feature","properties":{"id":"1068834","name":"RuhrCharge - Elektro Wilmes","operator":"Elektro Wilmes","status":"In Betrieb","charger_type":"Normalladeeinrichtung","charging_points":2,"connectors":2,"power_kw":44.0,"district_text":"Kreis Recklinghausen","region":"Nordrhein-Westfalen","state":"Nordrhein-Westfalen","nuts_code":"DEA36","district_name":"Recklinghausen"},"geometry":{"type":"Point","coordinates":[7.247289,51.649296]}},{"type":"Feature","properties":{"id":"1030529","name":"Fastned Deutschland GmbH & Co. KG","operator":"Fastned Deutschland GmbH & Co. KG","status":"In Betrieb","charger_type":"Schnellladeeinrichtung","charging_points":2,"connectors":2,"power_kw":300.0,"district_text":"Kreis Recklinghausen","region":"Nordrhein-Westfalen","state":"Nordrhein-Westfalen","nuts_code":"DEA36","district_name":"Recklinghausen"},"geometry":{"type":"Point","coordinates":[6.96951,51.5552]}},{"type":"Feature","properties":{"id":"1129287","name":"Hohe Mark Energie GmbH","operator":"Hohe Mark Energie GmbH","status":"In Betrieb","charger_type":"Normalladeeinrichtung","charging_points":2,"connectors":2,"power_kw":22.0,"district_text":"Kreis Recklinghausen","region":"Nordrhein-Westfalen","state":"Nordrhein-Westfalen","nuts_code":"DEA36","district_name":"Recklinghausen"},"geometry":{"type":"Point","coordinates":[6.98826,51.75418]}},{"type":"Feature","properties":{"id":"1100807","name":"Tesla Germany GmbH","operator":"Tesla Germany GmbH","status":"In Betrieb","charger_type":"Schnellladeeinrichtung","charging_points":1,"connectors":1,"power_kw":250.0,"district_text":"Kreis Rhein-Erft-Kreis","region":"Nordrhein-Westfalen","state":"Nordrhein-Westfalen","nuts_code":"DEA27","district_name":"Rhein-Erft-Kreis"},"geometry":{"type":"Point","coordinates":[6.682388,50.897865]}},{"type":"Feature","properties":{"id":"1104595","name":"ALDI SÜD","operator":"ALDI SÜD Immobilienverwaltungs-GmbH & Co. oHG","status":"In Betrieb","charger_type":"Normalladeeinrichtung","charging_points":2,"connectors":2,"power_kw":44.0,"district_text":"Kreis Rhein-Erft-Kreis","region":"Nordrhein-Westfalen","state":"Nordrhein-Westfalen","nuts_code":"DEA27","district_name":"Rhein-Erft-Kreis"},"geometry":{"type":"Point","coordinates":[6.779583,50.937056]}},{"type":"Feature","properties":{"id":"1151935","name":"Wirelane GmbH","operator":"Wirelane Public I GmbH","status":"In Betrieb","charger_type":"Normalladeeinrichtung","charging_points":2,"connectors":2,"power_kw":44.0,"district_text":"Kreis Rhein-Erft-Kreis","region":"Nordrhein-Westfalen","state":"Nordrhein-Westfalen","nuts_code":"DEA27","district_name":"Rhein-Erft-Kreis"},"geometry":{"type":"Point","coordinates":[6.767333,51.022528]}},{"type":"Feature","properties":{"id":"1049524","name":"E.ON Drive Infrastructure","operator":"E.ON Drive Infrastructure GmbH","status":"In Betrieb","charger_type":"Schnellladeeinrichtung","charging_points":2,"connectors":2,"power_kw":160.0,"district_text":"Kreis Rhein-Erft-Kreis","region":"Nordrhein-Westfalen","state":"Nordrhein-Westfalen","nuts_code":"DEA27","district_name":"Rhein-Erft-Kreis"},"geometry":{"type":"Point","coordinates":[6.806518,50.858082]}},{"type":"Feature","properties":{"id":"1013017","name":"Westenergie Metering GmbH","operator":"Westenergie Metering GmbH","status":"In Betrieb","charger_type":"Normalladeeinrichtung","charging_points":2,"connectors":2,"power_kw":44.0,"district_text":"Kreis Rhein-Erft-Kreis","region":"Nordrhein-Westfalen","state":"Nordrhein-Westfalen","nuts_code":"DEA27","district_name":"Rhein-Erft-Kreis"},"geometry":{"type":"Point","coordinates":[6.977066,50.81929]}},{"type":"Feature","properties":{"id":"1149082","name":"Allego","operator":"Allego GmbH","status":"In Betrieb","charger_type":"Schnellladeeinrichtung","charging_points":2,"connectors":2,"power_kw":400.0,"district_text":"Kreis Rheinisch-Bergischer Kreis","region":"Nordrhein-Westfalen","state":"Nordrhein-Westfalen","nuts_code":"DEA2B","district_name":"Rheinisch-Bergischer Kreis"},"geometry":{"type":"Point","coordinates":[7.131401,51.084476]}},{"type":"Feature","properties":{"id":"1102998","name":"Markus Hetzenegger","operator":"Markus Hetzenegger","status":"In Betrieb","charger_type":"Schnellladeeinrichtung","charging_points":2,"connectors":2,"power_kw":72.0,"district_text":"Kreis Rheinisch-Bergischer Kreis","region":"Nordrhein-Westfalen","state":"Nordrhein-Westfalen","nuts_code":"DEA2B","district_name":"Rheinisch-Bergischer Kreis"},"geometry":{"type":"Point","coordinates":[7.161267,50.988641]}},{"type":"Feature","properties":{"id":"1132590","name":"E.ON Drive Infrastructure","operator":"E.ON Drive Infrastructure GmbH","status":"In Betrieb","charger_type":"Schnellladeeinrichtung","charging_points":2,"connectors":2,"power_kw":100.0,"district_text":"Kreis Rheinisch-Bergischer Kreis","region":"Nordrhein-Westfalen","state":"Nordrhein-Westfalen","nuts_code":"DEA2B","district_name":"Rheinisch-Bergischer Kreis"},"geometry":{"type":"Point","coordinates":[7.15324,50.897531]}},{"type":"Feature","properties":{"id":"1150341","name":"EnBal GmbH","operator":"EnBal GmbH","status":"In Betrieb","charger_type":"Normalladeeinrichtung","charging_points":2,"connectors":2,"power_kw":44.0,"district_text":"Kreis Rhein-Kreis Neuss","region":"Nordrhein-Westfalen","state":"Nordrhein-Westfalen","nuts_code":"DEA1D","district_name":"Rhein-Kreis Neuss"},"geometry":{"type":"Point","coordinates":[6.610681,51.274684]}},{"type":"Feature","properties":{"id":"1139505","name":"E.ON Drive GmbH","operator":"E.ON Drive GmbH","status":"In Betrieb","charger_type":"Normalladeeinrichtung","charging_points":2,"connectors":2,"power_kw":33.0,"district_text":"Kreis Rhein-Kreis Neuss","region":"Nordrhein-Westfalen","state":"Nordrhein-Westfalen","nuts_code":"DEA1D","district_name":"Rhein-Kreis Neuss"},"geometry":{"type":"Point","coordinates":[6.68874,51.205398]}},{"type":"Feature","properties":{"id":"1045539","name":"Stadtwerke Neuss (Rheinallee)","operator":"Stadtwerke Neuss Energie und Wasser GmbH","status":"In Betrieb","charger_type":"Normalladeeinrichtung","charging_points":2,"connectors":2,"power_kw":44.0,"district_text":"Kreis Rhein-Kreis Neuss","region":"Nordrhein-Westfalen","state":"Nordrhein-Westfalen","nuts_code":"DEA1D","district_name":"Rhein-Kreis Neuss"},"geometry":{"type":"Point","coordinates":[6.680913,51.181116]}},{"type":"Feature","properties":{"id":"1089523","name":"allrounder mountain resort gmbh & co. kg","operator":"allrounder mountain resort gmbh & co. kg","status":"In Betrieb","charger_type":"Normalladeeinrichtung","charging_points":4,"connectors":4,"power_kw":11.0,"district_text":"Kreis Rhein-Kreis Neuss","region":"Nordrhein-Westfalen","state":"Nordrhein-Westfalen","nuts_code":"DEA1D","district_name":"Rhein-Kreis Neuss"},"geometry":{"type":"Point","coordinates":[6.649925,51.17225]}},{"type":"Feature","properties":{"id":"1071050","name":"evd energieversorgung dormagen gmbh","operator":"evd energieversorgung dormagen gmbh","status":"In Betrieb","charger_type":"Normalladeeinrichtung","charging_points":2,"connectors":2,"power_kw":44.0,"district_text":"Kreis Rhein-Kreis Neuss","region":"Nordrhein-Westfalen","state":"Nordrhein-Westfalen","nuts_code":"DEA1D","district_name":"Rhein-Kreis Neuss"},"geometry":{"type":"Point","coordinates":[6.8413,51.09192]}},{"type":"Feature","properties":{"id":"1032477","name":"Stadtwerke Kaarst GmbH","operator":"Stadtwerke Kaarst GmbH","status":"In Betrieb","charger_type":"Schnellladeeinrichtung","charging_points":2,"connectors":2,"power_kw":200.0,"district_text":"Kreis Rhein-Kreis Neuss","region":"Nordrhein-Westfalen","state":"Nordrhein-Westfalen","nuts_code":"DEA1D","district_name":"Rhein-Kreis Neuss"},"geometry":{"type":"Point","coordinates":[6.61878,51.23603]}},{"type":"Feature","properties":{"id":"1126201","name":"enewa GmbH","operator":"enewa GmbH","status":"In Betrieb","charger_type":"Schnellladeeinrichtung","charging_points":2,"connectors":2,"power_kw":50.0,"district_text":"Kreis Rhein-Sieg-Kreis","region":"Nordrhein-Westfalen","state":"Nordrhein-Westfalen","nuts_code":"DEA2C","district_name":"Rhein-Sieg-Kreis"},"geometry":{"type":"Point","coordinates":[7.15507,50.64936]}},{"type":"Feature","properties":{"id":"1040026","name":"IONITY GmbH","operator":"IONITY GmbH","status":"In Betrieb","charger_type":"Schnellladeeinrichtung","charging_points":1,"connectors":1,"power_kw":350.0,"district_text":"Kreis Rhein-Sieg-Kreis","region":"Nordrhein-Westfalen","state":"Nordrhein-Westfalen","nuts_code":"DEA2C","district_name":"Rhein-Sieg-Kreis"},"geometry":{"type":"Point","coordinates":[7.334521,50.647664]}},{"type":"Feature","properties":{"id":"1089927","name":"HENRICH","operator":"Henrich Baustoffzentrum GmbH & Co. KG","status":"In Betrieb","charger_type":"Normalladeeinrichtung","charging_points":1,"connectors":1,"power_kw":11.0,"district_text":"Kreis Rhein-Sieg-Kreis","region":"Nordrhein-Westfalen","state":"Nordrhein-Westfalen","nuts_code":"DEA2C","district_name":"Rhein-Sieg-Kreis"},"geometry":{"type":"Point","coordinates":[7.202153,50.79342]}},{"type":"Feature","properties":{"id":"1072171","name":"rhenag Rheinische Energie Aktiengesellschaft","operator":"rhenag Rheinische Energie Aktiengesellschaft","status":"In Betrieb","charger_type":"Normalladeeinrichtung","charging_points":2,"connectors":2,"power_kw":44.0,"district_text":"Kreis Rhein-Sieg-Kreis","region":"Nordrhein-Westfalen","state":"Nordrhein-Westfalen","nuts_code":"DEA2C","district_name":"Rhein-Sieg-Kreis"},"geometry":{"type":"Point","coordinates":[7.282433,50.774143]}},{"type":"Feature","properties":{"id":"1004550","name":"öPA powerered by Stadtwerke Troisdorf","operator":"öPA Verkehrsgesellschaft mbh","status":"In Betrieb","charger_type":"Normalladeeinrichtung","charging_points":2,"connectors":2,"power_kw":22.0,"district_text":"Kreis Rhein-Sieg-Kreis","region":"Nordrhein-Westfalen","state":"Nordrhein-Westfalen","nuts_code":"DEA2C","district_name":"Rhein-Sieg-Kreis"},"geometry":{"type":"Point","coordinates":[7.16365,50.81518]}},{"type":"Feature","properties":{"id":"1100255","name":"Tesla Germany GmbH","operator":"Tesla Germany GmbH","status":"In Betrieb","charger_type":"Schnellladeeinrichtung","charging_points":1,"connectors":1,"power_kw":250.0,"district_text":"Kreis Rhein-Sieg-Kreis","region":"Nordrhein-Westfalen","state":"Nordrhein-Westfalen","nuts_code":"DEA2C","district_name":"Rhein-Sieg-Kreis"},"geometry":{"type":"Point","coordinates":[7.107211,50.81373]}},{"type":"Feature","properties":{"id":"1120368","name":"ALDI Nord","operator":"ALDI Nord Deutschland Stiftung & Co. KG","status":"In Betrieb","charger_type":"Schnellladeeinrichtung","charging_points":2,"connectors":2,"power_kw":50.0,"district_text":"Kreis Siegen-Wittgenstein","region":"Nordrhein-Westfalen","state":"Nordrhein-Westfalen","nuts_code":"DEA5A","district_name":"Siegen-Wittgenstein"},"geometry":{"type":"Point","coordinates":[8.0195,50.8574]}},{"type":"Feature","properties":{"id":"1101141","name":"Tesla Germany GmbH","operator":"Tesla Germany GmbH","status":"In Betrieb","charger_type":"Schnellladeeinrichtung","charging_points":1,"connectors":1,"power_kw":250.0,"district_text":"Kreis Siegen-Wittgenstein","region":"Nordrhein-Westfalen","state":"Nordrhein-Westfalen","nuts_code":"DEA5A","district_name":"Siegen-Wittgenstein"},"geometry":{"type":"Point","coordinates":[8.08576,50.816873]}},{"type":"Feature","properties":{"id":"1097355","name":"Günther Autos & Service GmbH","operator":"Günther Autos & Service GmbH","status":"In Betrieb","charger_type":"Normalladeeinrichtung","charging_points":2,"connectors":2,"power_kw":33.0,"district_text":"Kreis Siegen-Wittgenstein","region":"Nordrhein-Westfalen","state":"Nordrhein-Westfalen","nuts_code":"DEA5A","district_name":"Siegen-Wittgenstein"},"geometry":{"type":"Point","coordinates":[8.384733,51.03744]}},{"type":"Feature","properties":{"id":"1078072","name":"Finanzberatung Kemal e.K","operator":"Finanzberatung Kemal e.K","status":"In Betrieb","charger_type":"Normalladeeinrichtung","charging_points":1,"connectors":1,"power_kw":22.0,"district_text":"Kreis Soest","region":"Nordrhein-Westfalen","state":"Nordrhein-Westfalen","nuts_code":"DEA5B","district_name":"Soest"},"geometry":{"type":"Point","coordinates":[8.117103,51.552127]}},{"type":"Feature","properties":{"id":"1037844","name":"Lippstädter Ladesäulen GmbH","operator":"Lippstädter Ladesäulen GmbH","status":"In Betrieb","charger_type":"Normalladeeinrichtung","charging_points":1,"connectors":1,"power_kw":22.0,"district_text":"Kreis Soest","region":"Nordrhein-Westfalen","state":"Nordrhein-Westfalen","nuts_code":"DEA5B","district_name":"Soest"},"geometry":{"type":"Point","coordinates":[8.162568,51.585998]}},{"type":"Feature","properties":{"id":"1037867","name":"Lippstädter Ladesäulen GmbH","operator":"Lippstädter Ladesäulen GmbH","status":"In Betrieb","charger_type":"Normalladeeinrichtung","charging_points":1,"connectors":1,"power_kw":22.0,"district_text":"Kreis Soest","region":"Nordrhein-Westfalen","state":"Nordrhein-Westfalen","nuts_code":"DEA5B","district_name":"Soest"},"geometry":{"type":"Point","coordinates":[8.342276,51.677274]}},{"type":"Feature","properties":{"id":"1076656","name":"Stadtwerke Geseke","operator":"Stadtwerke Geseke GmbH","status":"In Betrieb","charger_type":"Normalladeeinrichtung","charging_points":2,"connectors":2,"power_kw":44.0,"district_text":"Kreis Soest","region":"Nordrhein-Westfalen","state":"Nordrhein-Westfalen","nuts_code":"DEA5B","district_name":"Soest"},"geometry":{"type":"Point","coordinates":[8.51297,51.630869]}},{"type":"Feature","properties":{"id":"1053066","name":"Aachener Parkhaus GmbH","operator":"Aachener Parkhaus GmbH","status":"In Betrieb","charger_type":"Normalladeeinrichtung","charging_points":2,"connectors":2,"power_kw":22.0,"district_text":"Kreis Städteregion Aachen","region":"Nordrhein-Westfalen","state":"Nordrhein-Westfalen","nuts_code":"DEA2D","district_name":"Städteregion Aachen"},"geometry":{"type":"Point","coordinates":[6.09267,50.780654]}},{"type":"Feature","properties":{"id":"1136823","name":"Servipark Deutschland GmbH","operator":"Servipark Deutschland GmbH","status":"In Betrieb","charger_type":"Normalladeeinrichtung","charging_points":1,"connectors":1,"power_kw":22.0,"district_text":"Kreis Städteregion Aachen","region":"Nordrhein-Westfalen","state":"Nordrhein-Westfalen","nuts_code":"DEA2D","district_name":"Städteregion Aachen"},"geometry":{"type":"Point","coordinates":[6.084988,50.778115]}},{"type":"Feature","properties":{"id":"1053113","name":"Aachener Parkhaus GmbH","operator":"Aachener Parkhaus GmbH","status":"In Betrieb","charger_type":"Normalladeeinrichtung","charging_points":2,"connectors":2,"power_kw":22.0,"district_text":"Kreis Städteregion Aachen","region":"Nordrhein-Westfalen","state":"Nordrhein-Westfalen","nuts_code":"DEA2D","district_name":"Städteregion Aachen"},"geometry":{"type":"Point","coordinates":[6.089309,50.767971]}},{"type":"Feature","properties":{"id":"1011074","name":"Acemo","operator":"Acemo GmbH","status":"In Betrieb","charger_type":"Schnellladeeinrichtung","charging_points":2,"connectors":2,"power_kw":50.0,"district_text":"Kreis Städteregion Aachen","region":"Nordrhein-Westfalen","state":"Nordrhein-Westfalen","nuts_code":"DEA2D","district_name":"Städteregion Aachen"},"geometry":{"type":"Point","coordinates":[6.133186,50.783199]}},{"type":"Feature","properties":{"id":"1077385","name":"STAWAG - Stadt- und Städteregionswerke Aachen AG","operator":"STAWAG - Stadt- und Städteregionswerke Aachen AG","status":"In Betrieb","charger_type":"Normalladeeinrichtung","charging_points":2,"connectors":2,"power_kw":22.0,"district_text":"Kreis Städteregion Aachen","region":"Nordrhein-Westfalen","state":"Nordrhein-Westfalen","nuts_code":"DEA2D","district_name":"Städteregion Aachen"},"geometry":{"type":"Point","coordinates":[6.067446,50.799292]}},{"type":"Feature","properties":{"id":"1031034","name":"Fraunhofer-Gesellschaft e. V.","operator":"Fraunhofer-Gesellschaft e. V.","status":"In Betrieb","charger_type":"Normalladeeinrichtung","charging_points":2,"connectors":2,"power_kw":22.0,"district_text":"Kreis Städteregion Aachen","region":"Nordrhein-Westfalen","state":"Nordrhein-Westfalen","nuts_code":"DEA2D","district_name":"Städteregion Aachen"},"geometry":{"type":"Point","coordinates":[6.046242,50.785376]}},{"type":"Feature","properties":{"id":"1115758","name":"STAWAG - Stadt- und Städteregionswerke Aachen AG","operator":"STAWAG - Stadt- und Städteregionswerke Aachen AG","status":"In Betrieb","charger_type":"Normalladeeinrichtung","charging_points":2,"connectors":2,"power_kw":22.0,"district_text":"Kreis Städteregion Aachen","region":"Nordrhein-Westfalen","state":"Nordrhein-Westfalen","nuts_code":"DEA2D","district_name":"Städteregion Aachen"},"geometry":{"type":"Point","coordinates":[6.162705,50.748687]}},{"type":"Feature","properties":{"id":"1112554","name":"Felix Adebahr e.K.","operator":"Felix Adebahr e.K.","status":"In Betrieb","charger_type":"Schnellladeeinrichtung","charging_points":2,"connectors":2,"power_kw":72.0,"district_text":"Kreis Städteregion Aachen","region":"Nordrhein-Westfalen","state":"Nordrhein-Westfalen","nuts_code":"DEA2D","district_name":"Städteregion Aachen"},"geometry":{"type":"Point","coordinates":[6.081436,50.828441]}},{"type":"Feature","properties":{"id":"1028098","name":"EnBW mobility+ AG und Co.KG ","operator":"EnBW mobility+ AG und Co.KG ","status":"In Betrieb","charger_type":"Schnellladeeinrichtung","charging_points":2,"connectors":2,"power_kw":300.0,"district_text":"Kreis Städteregion Aachen","region":"Nordrhein-Westfalen","state":"Nordrhein-Westfalen","nuts_code":"DEA2D","district_name":"Städteregion Aachen"},"geometry":{"type":"Point","coordinates":[6.150921,50.80638]}},{"type":"Feature","properties":{"id":"1068402","name":"Ladesäulen GN","operator":"Guido Nußbaum Stromproduktion","status":"In Betrieb","charger_type":"Normalladeeinrichtung","charging_points":2,"connectors":2,"power_kw":22.0,"district_text":"Kreis Städteregion Aachen","region":"Nordrhein-Westfalen","state":"Nordrhein-Westfalen","nuts_code":"DEA2D","district_name":"Städteregion Aachen"},"geometry":{"type":"Point","coordinates":[6.214081,50.77248]}},{"type":"Feature","properties":{"id":"1152389","name":"Fred Pfennings GmbH & Co. KG","operator":"Fred Pfennings GmbH & Co. KG","status":"In Betrieb","charger_type":"Schnellladeeinrichtung","charging_points":2,"connectors":2,"power_kw":300.0,"district_text":"Kreis Städteregion Aachen","region":"Nordrhein-Westfalen","state":"Nordrhein-Westfalen","nuts_code":"DEA2D","district_name":"Städteregion Aachen"},"geometry":{"type":"Point","coordinates":[6.317002,50.828796]}},{"type":"Feature","properties":{"id":"1113848","name":"Nientied Münster GmbH","operator":"Nientied Münster GmbH","status":"In Betrieb","charger_type":"Normalladeeinrichtung","charging_points":4,"connectors":4,"power_kw":22.0,"district_text":"Kreis Steinfurt","region":"Nordrhein-Westfalen","state":"Nordrhein-Westfalen","nuts_code":"DEA37","district_name":"Steinfurt"},"geometry":{"type":"Point","coordinates":[7.3706,52.0553]}},{"type":"Feature","properties":{"id":"1149364","name":"Richter Express","operator":"Richter Express Michael & Thomas Richter OHG","status":"In Betrieb","charger_type":"Normalladeeinrichtung","charging_points":2,"connectors":2,"power_kw":22.0,"district_text":"Kreis Steinfurt","region":"Nordrhein-Westfalen","state":"Nordrhein-Westfalen","nuts_code":"DEA37","district_name":"Steinfurt"},"geometry":{"type":"Point","coordinates":[7.653423,52.18701]}},{"type":"Feature","properties":{"id":"1068344","name":"RheiNet GmbH","operator":"RheiNet GmbH","status":"In Betrieb","charger_type":"Normalladeeinrichtung","charging_points":2,"connectors":2,"power_kw":44.0,"district_text":"Kreis Steinfurt","region":"Nordrhein-Westfalen","state":"Nordrhein-Westfalen","nuts_code":"DEA37","district_name":"Steinfurt"},"geometry":{"type":"Point","coordinates":[7.479615,52.257878]}},{"type":"Feature","properties":{"id":"1071786","name":"Simon Feldkamp","operator":"Simon Feldkamp","status":"In Betrieb","charger_type":"Normalladeeinrichtung","charging_points":1,"connectors":1,"power_kw":11.0,"district_text":"Kreis Steinfurt","region":"Nordrhein-Westfalen","state":"Nordrhein-Westfalen","nuts_code":"DEA37","district_name":"Steinfurt"},"geometry":{"type":"Point","coordinates":[7.171057,52.187908]}},{"type":"Feature","properties":{"id":"1153963","name":"mblty GmbH","operator":"mblty GmbH","status":"In Betrieb","charger_type":"Schnellladeeinrichtung","charging_points":2,"connectors":2,"power_kw":300.0,"district_text":"Kreis Steinfurt","region":"Nordrhein-Westfalen","state":"Nordrhein-Westfalen","nuts_code":"DEA37","district_name":"Steinfurt"},"geometry":{"type":"Point","coordinates":[7.848559,52.261709]}},{"type":"Feature","properties":{"id":"1054668","name":"Aral Pulse","operator":"BP Europa SE","status":"In Betrieb","charger_type":"Schnellladeeinrichtung","charging_points":2,"connectors":2,"power_kw":300.0,"district_text":"Kreis Steinfurt","region":"Nordrhein-Westfalen","state":"Nordrhein-Westfalen","nuts_code":"DEA37","district_name":"Steinfurt"},"geometry":{"type":"Point","coordinates":[7.736124,52.146488]}},{"type":"Feature","properties":{"id":"1053018","name":"Schwerter Strom Management-GmbH","operator":"Schwerter Strom Management-GmbH","status":"In Betrieb","charger_type":"Normalladeeinrichtung","charging_points":1,"connectors":1,"power_kw":11.0,"district_text":"Kreis Unna","region":"Nordrhein-Westfalen","state":"Nordrhein-Westfalen","nuts_code":"DEA5C","district_name":"Unna"},"geometry":{"type":"Point","coordinates":[7.5687,51.44862]}},{"type":"Feature","properties":{"id":"1053020","name":"Schwerter Strom Management-GmbH","operator":"Schwerter Strom Management-GmbH","status":"In Betrieb","charger_type":"Normalladeeinrichtung","charging_points":4,"connectors":4,"power_kw":44.0,"district_text":"Kreis Unna","region":"Nordrhein-Westfalen","state":"Nordrhein-Westfalen","nuts_code":"DEA5C","district_name":"Unna"},"geometry":{"type":"Point","coordinates":[7.5673,51.44469]}},{"type":"Feature","properties":{"id":"1032291","name":"IKEA Deutschland GmbH & Co.KG","operator":"IKEA Deutschland GmbH & Co.KG","status":"In Betrieb","charger_type":"Normalladeeinrichtung","charging_points":2,"connectors":2,"power_kw":42.0,"district_text":"Kreis Unna","region":"Nordrhein-Westfalen","state":"Nordrhein-Westfalen","nuts_code":"DEA5C","district_name":"Unna"},"geometry":{"type":"Point","coordinates":[7.669484,51.57033]}},{"type":"Feature","properties":{"id":"1026371","name":"EnBW mobility+ AG und Co.KG ","operator":"EnBW mobility+ AG und Co.KG ","status":"In Betrieb","charger_type":"Schnellladeeinrichtung","charging_points":2,"connectors":2,"power_kw":93.0,"district_text":"Kreis Unna","region":"Nordrhein-Westfalen","state":"Nordrhein-Westfalen","nuts_code":"DEA5C","district_name":"Unna"},"geometry":{"type":"Point","coordinates":[7.675962,51.650986]}},{"type":"Feature","properties":{"id":"1059040","name":"Stadtwerke Unna GmbH","operator":"Stadtwerke Unna GmbH","status":"In Betrieb","charger_type":"Normalladeeinrichtung","charging_points":2,"connectors":2,"power_kw":44.0,"district_text":"Kreis Unna","region":"Nordrhein-Westfalen","state":"Nordrhein-Westfalen","nuts_code":"DEA5C","district_name":"Unna"},"geometry":{"type":"Point","coordinates":[7.693705,51.538309]}},{"type":"Feature","properties":{"id":"1076648","name":"morgenenergie","operator":"morgenEnergie GmbH","status":"In Betrieb","charger_type":"Normalladeeinrichtung","charging_points":2,"connectors":2,"power_kw":44.0,"district_text":"Kreis Viersen","region":"Nordrhein-Westfalen","state":"Nordrhein-Westfalen","nuts_code":"DEA1E","district_name":"Viersen"},"geometry":{"type":"Point","coordinates":[6.27713,51.307]}},{"type":"Feature","properties":{"id":"1105758","name":"Artur Peters e.K.","operator":"Artur Peters e.K.","status":"In Betrieb","charger_type":"Normalladeeinrichtung","charging_points":2,"connectors":2,"power_kw":44.0,"district_text":"Kreis Viersen","region":"Nordrhein-Westfalen","state":"Nordrhein-Westfalen","nuts_code":"DEA1E","district_name":"Viersen"},"geometry":{"type":"Point","coordinates":[6.163098,51.212771]}},{"type":"Feature","properties":{"id":"1048369","name":"Westfalen Weser Ladeservice GmbH","operator":"Westfalen Weser Ladeservice GmbH","status":"In Betrieb","charger_type":"Normalladeeinrichtung","charging_points":1,"connectors":1,"power_kw":11.0,"district_text":"Kreis Viersen","region":"Nordrhein-Westfalen","state":"Nordrhein-Westfalen","nuts_code":"DEA1E","district_name":"Viersen"},"geometry":{"type":"Point","coordinates":[6.351487,51.254599]}},{"type":"Feature","properties":{"id":"1080576","name":"Thomas Neubauer","operator":"Thomas Neubauer","status":"In Betrieb","charger_type":"Normalladeeinrichtung","charging_points":1,"connectors":1,"power_kw":3.6,"district_text":"Kreis Viersen","region":"Nordrhein-Westfalen","state":"Nordrhein-Westfalen","nuts_code":"DEA1E","district_name":"Viersen"},"geometry":{"type":"Point","coordinates":[6.428766,51.353532]}},{"type":"Feature","properties":{"id":"1062202","name":"Stadtwerke Warendorf GmbH","operator":"Stadtwerke Warendorf GmbH","status":"In Betrieb","charger_type":"Normalladeeinrichtung","charging_points":2,"connectors":2,"power_kw":44.0,"district_text":"Kreis Warendorf","region":"Nordrhein-Westfalen","state":"Nordrhein-Westfalen","nuts_code":"DEA38","district_name":"Warendorf"},"geometry":{"type":"Point","coordinates":[7.994139,51.951433]}},{"type":"Feature","properties":{"id":"1132514","name":"smopi","operator":"smopi® - Multi Chargepoint Solution GmbH","status":"In Betrieb","charger_type":"Normalladeeinrichtung","charging_points":2,"connectors":2,"power_kw":22.0,"district_text":"Kreis Warendorf","region":"Nordrhein-Westfalen","state":"Nordrhein-Westfalen","nuts_code":"DEA38","district_name":"Warendorf"},"geometry":{"type":"Point","coordinates":[8.053148,51.976122]}},{"type":"Feature","properties":{"id":"1133011","name":"Senger NEO GmbH","operator":"Senger NEO GmbH","status":"In Betrieb","charger_type":"Schnellladeeinrichtung","charging_points":2,"connectors":2,"power_kw":200.0,"district_text":"Kreis Warendorf","region":"Nordrhein-Westfalen","state":"Nordrhein-Westfalen","nuts_code":"DEA38","district_name":"Warendorf"},"geometry":{"type":"Point","coordinates":[7.90092,51.74877]}},{"type":"Feature","properties":{"id":"1037180","name":"Westfalen AG","operator":"Westfalen AG","status":"In Betrieb","charger_type":"Schnellladeeinrichtung","charging_points":1,"connectors":1,"power_kw":75.0,"district_text":"Kreis Warendorf","region":"Nordrhein-Westfalen","state":"Nordrhein-Westfalen","nuts_code":"DEA38","district_name":"Warendorf"},"geometry":{"type":"Point","coordinates":[8.137045,51.814324]}},{"type":"Feature","properties":{"id":"1071690","name":"Mumme Energie GbR","operator":"Mumme Energie GbR","status":"In Betrieb","charger_type":"Schnellladeeinrichtung","charging_points":2,"connectors":2,"power_kw":300.0,"district_text":"Kreis Wesel","region":"Nordrhein-Westfalen","state":"Nordrhein-Westfalen","nuts_code":"DEA1F","district_name":"Wesel"},"geometry":{"type":"Point","coordinates":[6.663911,51.663293]}},{"type":"Feature","properties":{"id":"1154008","name":"EWE Go HOCHTIEF Ladepartner GmbH & Co. KG","operator":"EWE Go HOCHTIEF Ladepartner GmbH & Co. KG","status":"In Betrieb","charger_type":"Schnellladeeinrichtung","charging_points":2,"connectors":2,"power_kw":400.0,"district_text":"Kreis Wesel","region":"Nordrhein-Westfalen","state":"Nordrhein-Westfalen","nuts_code":"DEA1F","district_name":"Wesel"},"geometry":{"type":"Point","coordinates":[6.45441,51.668956]}},{"type":"Feature","properties":{"id":"1060801","name":"Autohaus Bernds GmbH","operator":"Autohaus Bernds GmbH","status":"In Betrieb","charger_type":"Normalladeeinrichtung","charging_points":1,"connectors":1,"power_kw":22.0,"district_text":"Kreis Wesel","region":"Nordrhein-Westfalen","state":"Nordrhein-Westfalen","nuts_code":"DEA1F","district_name":"Wesel"},"geometry":{"type":"Point","coordinates":[6.665218,51.58389]}},{"type":"Feature","properties":{"id":"1148606","name":"ENNI Energie & Umwelt Niederrhein GmbH","operator":"Enni Energie & Umwelt Niederrhein GmbH","status":"In Betrieb","charger_type":"Normalladeeinrichtung","charging_points":2,"connectors":2,"power_kw":44.0,"district_text":"Kreis Wesel","region":"Nordrhein-Westfalen","state":"Nordrhein-Westfalen","nuts_code":"DEA1F","district_name":"Wesel"},"geometry":{"type":"Point","coordinates":[6.643959,51.4408]}},{"type":"Feature","properties":{"id":"1086084","name":"Dimitrios Tsakiridis","operator":"Hotel Omegahotelomega.de","status":"In Betrieb","charger_type":"Normalladeeinrichtung","charging_points":2,"connectors":2,"power_kw":22.0,"district_text":"Kreis Wesel","region":"Nordrhein-Westfalen","state":"Nordrhein-Westfalen","nuts_code":"DEA1F","district_name":"Wesel"},"geometry":{"type":"Point","coordinates":[6.622495,51.503733]}},{"type":"Feature","properties":{"id":"1141393","name":"EnBW mobility+ AG und Co.KG ","operator":"EnBW mobility+ AG und Co.KG ","status":"In Betrieb","charger_type":"Schnellladeeinrichtung","charging_points":2,"connectors":2,"power_kw":300.0,"district_text":"Kreis Wesel","region":"Nordrhein-Westfalen","state":"Nordrhein-Westfalen","nuts_code":"DEA1F","district_name":"Wesel"},"geometry":{"type":"Point","coordinates":[6.593709,51.473804]}},{"type":"Feature","properties":{"id":"1092045","name":"ENNI Energie & Umwelt Niederrhein GmbH","operator":"Enni Energie & Umwelt Niederrhein GmbH","status":"In Betrieb","charger_type":"Normalladeeinrichtung","charging_points":2,"connectors":2,"power_kw":44.0,"district_text":"Kreis Wesel","region":"Nordrhein-Westfalen","state":"Nordrhein-Westfalen","nuts_code":"DEA1F","district_name":"Wesel"},"geometry":{"type":"Point","coordinates":[6.59396,51.550856]}},{"type":"Feature","properties":{"id":"1004081","name":"Stadtwerke Bielefeld","operator":"Stadtwerke Bielefeld GmbH","status":"In Betrieb","charger_type":"Normalladeeinrichtung","charging_points":2,"connectors":2,"power_kw":44.0,"district_text":"Kreisfreie Stadt Bielefeld","region":"Nordrhein-Westfalen","state":"Nordrhein-Westfalen","nuts_code":"DEA41","district_name":"Bielefeld, Kreisfreie Stadt"},"geometry":{"type":"Point","coordinates":[8.587294,52.003176]}},{"type":"Feature","properties":{"id":"1101622","name":"Tesla Germany GmbH","operator":"Tesla Germany GmbH","status":"In Betrieb","charger_type":"Schnellladeeinrichtung","charging_points":1,"connectors":1,"power_kw":250.0,"district_text":"Kreisfreie Stadt Bielefeld","region":"Nordrhein-Westfalen","state":"Nordrhein-Westfalen","nuts_code":"DEA41","district_name":"Bielefeld, Kreisfreie Stadt"},"geometry":{"type":"Point","coordinates":[8.543837,52.038758]}},{"type":"Feature","properties":{"id":"1154249","name":"Stadtwerke Bielefeld","operator":"Stadtwerke Bielefeld GmbH","status":"In Betrieb","charger_type":"Normalladeeinrichtung","charging_points":2,"connectors":2,"power_kw":44.0,"district_text":"Kreisfreie Stadt Bielefeld","region":"Nordrhein-Westfalen","state":"Nordrhein-Westfalen","nuts_code":"DEA41","district_name":"Bielefeld, Kreisfreie Stadt"},"geometry":{"type":"Point","coordinates":[8.497627,51.980242]}},{"type":"Feature","properties":{"id":"1115643","name":"Tesla Germany GmbH","operator":"Tesla Germany GmbH","status":"In Betrieb","charger_type":"Schnellladeeinrichtung","charging_points":1,"connectors":1,"power_kw":250.0,"district_text":"Kreisfreie Stadt Bielefeld","region":"Nordrhein-Westfalen","state":"Nordrhein-Westfalen","nuts_code":"DEA41","district_name":"Bielefeld, Kreisfreie Stadt"},"geometry":{"type":"Point","coordinates":[8.568182,51.951087]}},{"type":"Feature","properties":{"id":"1152258","name":"Vattenfall Smarter Living GmbH","operator":"Vattenfall Smarter Living GmbH","status":"In Betrieb","charger_type":"Schnellladeeinrichtung","charging_points":2,"connectors":2,"power_kw":180.0,"district_text":"Kreisfreie Stadt Bielefeld","region":"Nordrhein-Westfalen","state":"Nordrhein-Westfalen","nuts_code":"DEA41","district_name":"Bielefeld, Kreisfreie Stadt"},"geometry":{"type":"Point","coordinates":[8.529997,52.098371]}},{"type":"Feature","properties":{"id":"1062145","name":"Stadtwerke Bochum GmbH","operator":"Stadtwerke Bochum GmbH","status":"In Betrieb","charger_type":"Normalladeeinrichtung","charging_points":1,"connectors":1,"power_kw":11.0,"district_text":"Kreisfreie Stadt Bochum","region":"Nordrhein-Westfalen","state":"Nordrhein-Westfalen","nuts_code":"DEA51","district_name":"Bochum, Kreisfreie Stadt"},"geometry":{"type":"Point","coordinates":[7.221024,51.478106]}},{"type":"Feature","properties":{"id":"1103744","name":"Stadtwerke Bochum GmbH","operator":"Stadtwerke Bochum GmbH","status":"In Betrieb","charger_type":"Schnellladeeinrichtung","charging_points":2,"connectors":2,"power_kw":50.0,"district_text":"Kreisfreie Stadt Bochum","region":"Nordrhein-Westfalen","state":"Nordrhein-Westfalen","nuts_code":"DEA51","district_name":"Bochum, Kreisfreie Stadt"},"geometry":{"type":"Point","coordinates":[7.228386,51.49021]}},{"type":"Feature","properties":{"id":"1131513","name":"HOCHTIEF Ladepartner GmbH","operator":"HOCHTIEF Ladepartner GmbH","status":"In Betrieb","charger_type":"Normalladeeinrichtung","charging_points":2,"connectors":2,"power_kw":22.0,"district_text":"Kreisfreie Stadt Bochum","region":"Nordrhein-Westfalen","state":"Nordrhein-Westfalen","nuts_code":"DEA51","district_name":"Bochum, Kreisfreie Stadt"},"geometry":{"type":"Point","coordinates":[7.239899,51.428017]}},{"type":"Feature","properties":{"id":"1038269","name":"Harpen Immobilien GmbH","operator":"Harpen Immobilien GmbH","status":"In Betrieb","charger_type":"Normalladeeinrichtung","charging_points":1,"connectors":1,"power_kw":11.0,"district_text":"Kreisfreie Stadt Bochum","region":"Nordrhein-Westfalen","state":"Nordrhein-Westfalen","nuts_code":"DEA51","district_name":"Bochum, Kreisfreie Stadt"},"geometry":{"type":"Point","coordinates":[7.275794,51.466947]}},{"type":"Feature","properties":{"id":"1119858","name":"Allego","operator":"Allego GmbH","status":"In Betrieb","charger_type":"Normalladeeinrichtung","charging_points":2,"connectors":2,"power_kw":22.0,"district_text":"Kreisfreie Stadt Bochum","region":"Nordrhein-Westfalen","state":"Nordrhein-Westfalen","nuts_code":"DEA51","district_name":"Bochum, Kreisfreie Stadt"},"geometry":{"type":"Point","coordinates":[7.209955,51.51501]}},{"type":"Feature","properties":{"id":"1057134","name":"Lidl","operator":"Lidl Dienstleistung GmbH & Co. KG","status":"In Betrieb","charger_type":"Schnellladeeinrichtung","charging_points":3,"connectors":3,"power_kw":72.0,"district_text":"Kreisfreie Stadt Bochum","region":"Nordrhein-Westfalen","state":"Nordrhein-Westfalen","nuts_code":"DEA51","district_name":"Bochum, Kreisfreie Stadt"},"geometry":{"type":"Point","coordinates":[7.128534,51.482383]}},{"type":"Feature","properties":{"id":"1148879","name":"E.ON Drive Infrastructure","operator":"E.ON Drive Infrastructure GmbH","status":"In Betrieb","charger_type":"Normalladeeinrichtung","charging_points":2,"connectors":2,"power_kw":44.0,"district_text":"Kreisfreie Stadt Bochum","region":"Nordrhein-Westfalen","state":"Nordrhein-Westfalen","nuts_code":"DEA51","district_name":"Bochum, Kreisfreie Stadt"},"geometry":{"type":"Point","coordinates":[7.306218,51.473657]}},{"type":"Feature","properties":{"id":"1038627","name":"Union Investment Real Estate Digital GmbH","operator":"Union Investment Real Estate Digital GmbH","status":"In Betrieb","charger_type":"Normalladeeinrichtung","charging_points":1,"connectors":1,"power_kw":22.0,"district_text":"Kreisfreie Stadt Bonn","region":"Nordrhein-Westfalen","state":"Nordrhein-Westfalen","nuts_code":"DEA22","district_name":"Bonn, Kreisfreie Stadt"},"geometry":{"type":"Point","coordinates":[7.11497,50.71867]}},{"type":"Feature","properties":{"id":"1000655","name":"Energie- und Wasserversorgung Bonn/Rhein-Sieg GmbH","operator":"Energie- und Wasserversorgung Bonn/Rhein-Sieg GmbH","status":"In Betrieb","charger_type":"Normalladeeinrichtung","charging_points":2,"connectors":2,"power_kw":44.0,"district_text":"Kreisfreie Stadt Bonn","region":"Nordrhein-Westfalen","state":"Nordrhein-Westfalen","nuts_code":"DEA22","district_name":"Bonn, Kreisfreie Stadt"},"geometry":{"type":"Point","coordinates":[7.057748,50.759143]}},{"type":"Feature","properties":{"id":"1000704","name":"Energie- und Wasserversorgung Bonn/Rhein-Sieg GmbH","operator":"Energie- und Wasserversorgung Bonn/Rhein-Sieg GmbH","status":"In Betrieb","charger_type":"Normalladeeinrichtung","charging_points":2,"connectors":2,"power_kw":44.0,"district_text":"Kreisfreie Stadt Bonn","region":"Nordrhein-Westfalen","state":"Nordrhein-Westfalen","nuts_code":"DEA22","district_name":"Bonn, Kreisfreie Stadt"},"geometry":{"type":"Point","coordinates":[7.055431,50.71849]}},{"type":"Feature","properties":{"id":"1000684","name":"Energie- und Wasserversorgung Bonn/Rhein-Sieg GmbH","operator":"Energie- und Wasserversorgung Bonn/Rhein-Sieg GmbH","status":"In Betrieb","charger_type":"Schnellladeeinrichtung","charging_points":3,"connectors":3,"power_kw":150.0,"district_text":"Kreisfreie Stadt Bonn","region":"Nordrhein-Westfalen","state":"Nordrhein-Westfalen","nuts_code":"DEA22","district_name":"Bonn, Kreisfreie Stadt"},"geometry":{"type":"Point","coordinates":[7.168421,50.690239]}},{"type":"Feature","properties":{"id":"1000615","name":"Energie- und Wasserversorgung Bonn/Rhein-Sieg GmbH","operator":"Energie- und Wasserversorgung Bonn/Rhein-Sieg GmbH","status":"In Betrieb","charger_type":"Normalladeeinrichtung","charging_points":2,"connectors":2,"power_kw":44.0,"district_text":"Kreisfreie Stadt Bonn","region":"Nordrhein-Westfalen","state":"Nordrhein-Westfalen","nuts_code":"DEA22","district_name":"Bonn, Kreisfreie Stadt"},"geometry":{"type":"Point","coordinates":[7.137471,50.681957]}},{"type":"Feature","properties":{"id":"1144074","name":"ChargeOne","operator":"Claus Heinemann Elektroanlagen GmbH","status":"In Betrieb","charger_type":"Normalladeeinrichtung","charging_points":2,"connectors":2,"power_kw":11.0,"district_text":"Kreisfreie Stadt Bonn","region":"Nordrhein-Westfalen","state":"Nordrhein-Westfalen","nuts_code":"DEA22","district_name":"Bonn, Kreisfreie Stadt"},"geometry":{"type":"Point","coordinates":[7.155669,50.717605]}},{"type":"Feature","properties":{"id":"1033271","name":"Emscher Lippe Energie GmbH","operator":"Emscher Lippe Energie GmbH","status":"In Betrieb","charger_type":"Normalladeeinrichtung","charging_points":2,"connectors":2,"power_kw":44.0,"district_text":"Kreisfreie Stadt Bottrop","region":"Nordrhein-Westfalen","state":"Nordrhein-Westfalen","nuts_code":"DEA31","district_name":"Bottrop, Kreisfreie Stadt"},"geometry":{"type":"Point","coordinates":[6.916669,51.519984]}},{"type":"Feature","properties":{"id":"1033267","name":"Emscher Lippe Energie GmbH","operator":"Emscher Lippe Energie GmbH","status":"In Betrieb","charger_type":"Normalladeeinrichtung","charging_points":2,"connectors":2,"power_kw":44.0,"district_text":"Kreisfreie Stadt Bottrop","region":"Nordrhein-Westfalen","state":"Nordrhein-Westfalen","nuts_code":"DEA31","district_name":"Bottrop, Kreisfreie Stadt"},"geometry":{"type":"Point","coordinates":[6.919025,51.600793]}},{"type":"Feature","properties":{"id":"1066274","name":"Dortmunder Energie- und Wasserversorgung GmbH","operator":"Dortmunder Energie- und Wasserversorgung GmbH","status":"In Betrieb","charger_type":"Normalladeeinrichtung","charging_points":1,"connectors":1,"power_kw":11.0,"district_text":"Kreisfreie Stadt Dortmund","region":"Nordrhein-Westfalen","state":"Nordrhein-Westfalen","nuts_code":"DEA52","district_name":"Dortmund, Kreisfreie Stadt"},"geometry":{"type":"Point","coordinates":[7.469207,51.511666]}},{"type":"Feature","properties":{"id":"1023019","name":"Dortmunder Energie- und Wasserversorgung GmbH","operator":"Dortmunder Energie- und Wasserversorgung GmbH","status":"In Betrieb","charger_type":"Normalladeeinrichtung","charging_points":1,"connectors":1,"power_kw":11.0,"district_text":"Kreisfreie Stadt Dortmund","region":"Nordrhein-Westfalen","state":"Nordrhein-Westfalen","nuts_code":"DEA52","district_name":"Dortmund, Kreisfreie Stadt"},"geometry":{"type":"Point","coordinates":[7.45666,51.515231]}},{"type":"Feature","properties":{"id":"1023290","name":"Dortmunder Energie- und Wasserversorgung GmbH","operator":"Dortmunder Energie- und Wasserversorgung GmbH","status":"In Betrieb","charger_type":"Normalladeeinrichtung","charging_points":1,"connectors":1,"power_kw":11.0,"district_text":"Kreisfreie Stadt Dortmund","region":"Nordrhein-Westfalen","state":"Nordrhein-Westfalen","nuts_code":"DEA52","district_name":"Dortmund, Kreisfreie Stadt"},"geometry":{"type":"Point","coordinates":[7.476869,51.500333]}},{"type":"Feature","properties":{"id":"1023163","name":"Dortmunder Energie- und Wasserversorgung GmbH","operator":"Dortmunder Energie- und Wasserversorgung GmbH","status":"In Betrieb","charger_type":"Normalladeeinrichtung","charging_points":1,"connectors":1,"power_kw":11.0,"district_text":"Kreisfreie Stadt Dortmund","region":"Nordrhein-Westfalen","state":"Nordrhein-Westfalen","nuts_code":"DEA52","district_name":"Dortmund, Kreisfreie Stadt"},"geometry":{"type":"Point","coordinates":[7.51692,51.511585]}},{"type":"Feature","properties":{"id":"1105507","name":"Audi Zentrum Dortmund","operator":"Audi Zentrum Dortmund","status":"In Betrieb","charger_type":"Schnellladeeinrichtung","charging_points":2,"connectors":2,"power_kw":72.0,"district_text":"Kreisfreie Stadt Dortmund","region":"Nordrhein-Westfalen","state":"Nordrhein-Westfalen","nuts_code":"DEA52","district_name":"Dortmund, Kreisfreie Stadt"},"geometry":{"type":"Point","coordinates":[7.527194,51.506778]}},{"type":"Feature","properties":{"id":"1055215","name":"Aral Pulse","operator":"BP Europa SE","status":"In Betrieb","charger_type":"Schnellladeeinrichtung","charging_points":2,"connectors":2,"power_kw":300.0,"district_text":"Kreisfreie Stadt Dortmund","region":"Nordrhein-Westfalen","state":"Nordrhein-Westfalen","nuts_code":"DEA52","district_name":"Dortmund, Kreisfreie Stadt"},"geometry":{"type":"Point","coordinates":[7.445806,51.531601]}},{"type":"Feature","properties":{"id":"1067156","name":"E.ON Drive Infrastructure","operator":"E.ON Drive Infrastructure GmbH","status":"In Betrieb","charger_type":"Normalladeeinrichtung","charging_points":2,"connectors":2,"power_kw":39.5,"district_text":"Kreisfreie Stadt Dortmund","region":"Nordrhein-Westfalen","state":"Nordrhein-Westfalen","nuts_code":"DEA52","district_name":"Dortmund, Kreisfreie Stadt"},"geometry":{"type":"Point","coordinates":[7.466767,51.48355]}},{"type":"Feature","properties":{"id":"1097629","name":"E.ON Drive Infrastructure","operator":"E.ON Drive Infrastructure GmbH","status":"In Betrieb","charger_type":"Normalladeeinrichtung","charging_points":2,"connectors":2,"power_kw":39.0,"district_text":"Kreisfreie Stadt Dortmund","region":"Nordrhein-Westfalen","state":"Nordrhein-Westfalen","nuts_code":"DEA52","district_name":"Dortmund, Kreisfreie Stadt"},"geometry":{"type":"Point","coordinates":[7.502455,51.489186]}},{"type":"Feature","properties":{"id":"1047073","name":"EnBW mobility+ AG und Co.KG ","operator":"EnBW mobility+ AG und Co.KG ","status":"In Betrieb","charger_type":"Schnellladeeinrichtung","charging_points":2,"connectors":2,"power_kw":150.0,"district_text":"Kreisfreie Stadt Dortmund","region":"Nordrhein-Westfalen","state":"Nordrhein-Westfalen","nuts_code":"DEA52","district_name":"Dortmund, Kreisfreie Stadt"},"geometry":{"type":"Point","coordinates":[7.57278,51.5049]}},{"type":"Feature","properties":{"id":"1102827","name":"EnBW mobility+ AG und Co.KG ","operator":"EnBW mobility+ AG und Co.KG ","status":"In Betrieb","charger_type":"Schnellladeeinrichtung","charging_points":2,"connectors":2,"power_kw":200.0,"district_text":"Kreisfreie Stadt Dortmund","region":"Nordrhein-Westfalen","state":"Nordrhein-Westfalen","nuts_code":"DEA52","district_name":"Dortmund, Kreisfreie Stadt"},"geometry":{"type":"Point","coordinates":[7.375629,51.546253]}},{"type":"Feature","properties":{"id":"1058950","name":"Stadtwerke Duisburg AG","operator":"Stadtwerke Duisburg AG","status":"In Betrieb","charger_type":"Normalladeeinrichtung","charging_points":2,"connectors":2,"power_kw":22.0,"district_text":"Kreisfreie Stadt Duisburg","region":"Nordrhein-Westfalen","state":"Nordrhein-Westfalen","nuts_code":"DEA12","district_name":"Duisburg, Kreisfreie Stadt"},"geometry":{"type":"Point","coordinates":[6.761495,51.435404]}},{"type":"Feature","properties":{"id":"1120942","name":"Pfalzwerke AG","operator":"Pfalzwerke AG","status":"In Betrieb","charger_type":"Schnellladeeinrichtung","charging_points":2,"connectors":2,"power_kw":400.0,"district_text":"Kreisfreie Stadt Duisburg","region":"Nordrhein-Westfalen","state":"Nordrhein-Westfalen","nuts_code":"DEA12","district_name":"Duisburg, Kreisfreie Stadt"},"geometry":{"type":"Point","coordinates":[6.76709,51.40819]}},{"type":"Feature","properties":{"id":"1058945","name":"Stadtwerke Duisburg AG","operator":"Stadtwerke Duisburg AG","status":"In Betrieb","charger_type":"Normalladeeinrichtung","charging_points":2,"connectors":2,"power_kw":22.0,"district_text":"Kreisfreie Stadt Duisburg","region":"Nordrhein-Westfalen","state":"Nordrhein-Westfalen","nuts_code":"DEA12","district_name":"Duisburg, Kreisfreie Stadt"},"geometry":{"type":"Point","coordinates":[6.742346,51.52512]}},{"type":"Feature","properties":{"id":"1049866","name":"TotalEnergies Charging Solutions","operator":"TotalEnergies Charging Solutions Deutschland GmbH","status":"In Betrieb","charger_type":"Normalladeeinrichtung","charging_points":2,"connectors":2,"power_kw":44.0,"district_text":"Kreisfreie Stadt Duisburg","region":"Nordrhein-Westfalen","state":"Nordrhein-Westfalen","nuts_code":"DEA12","district_name":"Duisburg, Kreisfreie Stadt"},"geometry":{"type":"Point","coordinates":[6.744236,51.492372]}},{"type":"Feature","properties":{"id":"1131874","name":"Stadtwerke Duisburg AG","operator":"Stadtwerke Duisburg AG","status":"In Betrieb","charger_type":"Normalladeeinrichtung","charging_points":2,"connectors":2,"power_kw":22.0,"district_text":"Kreisfreie Stadt Duisburg","region":"Nordrhein-Westfalen","state":"Nordrhein-Westfalen","nuts_code":"DEA12","district_name":"Duisburg, Kreisfreie Stadt"},"geometry":{"type":"Point","coordinates":[6.783855,51.515795]}},{"type":"Feature","properties":{"id":"1120906","name":"Stadtwerke Duisburg AG","operator":"Stadtwerke Duisburg AG","status":"In Betrieb","charger_type":"Schnellladeeinrichtung","charging_points":2,"connectors":2,"power_kw":49.0,"district_text":"Kreisfreie Stadt Duisburg","region":"Nordrhein-Westfalen","state":"Nordrhein-Westfalen","nuts_code":"DEA12","district_name":"Duisburg, Kreisfreie Stadt"},"geometry":{"type":"Point","coordinates":[6.707542,51.403245]}},{"type":"Feature","properties":{"id":"1106244","name":"Stadtwerke Duisburg AG","operator":"Stadtwerke Duisburg AG","status":"In Betrieb","charger_type":"Normalladeeinrichtung","charging_points":2,"connectors":2,"power_kw":22.0,"district_text":"Kreisfreie Stadt Duisburg","region":"Nordrhein-Westfalen","state":"Nordrhein-Westfalen","nuts_code":"DEA12","district_name":"Duisburg, Kreisfreie Stadt"},"geometry":{"type":"Point","coordinates":[6.744476,51.367419]}},{"type":"Feature","properties":{"id":"1109338","name":"E.ON Drive GmbH","operator":"E.ON Drive GmbH","status":"In Betrieb","charger_type":"Normalladeeinrichtung","charging_points":1,"connectors":1,"power_kw":11.0,"district_text":"Kreisfreie Stadt Düsseldorf","region":"Nordrhein-Westfalen","state":"Nordrhein-Westfalen","nuts_code":"DEA11","district_name":"Düsseldorf, Kreisfreie Stadt"},"geometry":{"type":"Point","coordinates":[6.789557,51.227286]}},{"type":"Feature","properties":{"id":"1000129","name":"SWD AG","operator":"Stadtwerke Düsseldorf AG","status":"In Betrieb","charger_type":"Normalladeeinrichtung","charging_points":2,"connectors":2,"power_kw":44.0,"district_text":"Kreisfreie Stadt Düsseldorf","region":"Nordrhein-Westfalen","state":"Nordrhein-Westfalen","nuts_code":"DEA11","district_name":"Düsseldorf, Kreisfreie Stadt"},"geometry":{"type":"Point","coordinates":[6.78159,51.22306]}},{"type":"Feature","properties":{"id":"1000119","name":"SWD AG","operator":"Stadtwerke Düsseldorf AG","status":"In Betrieb","charger_type":"Normalladeeinrichtung","charging_points":2,"connectors":2,"power_kw":44.0,"district_text":"Kreisfreie Stadt Düsseldorf","region":"Nordrhein-Westfalen","state":"Nordrhein-Westfalen","nuts_code":"DEA11","district_name":"Düsseldorf, Kreisfreie Stadt"},"geometry":{"type":"Point","coordinates":[6.775201,51.223026]}},{"type":"Feature","properties":{"id":"1000284","name":"SWD AG","operator":"Stadtwerke Düsseldorf AG","status":"In Betrieb","charger_type":"Normalladeeinrichtung","charging_points":2,"connectors":2,"power_kw":44.0,"district_text":"Kreisfreie Stadt Düsseldorf","region":"Nordrhein-Westfalen","state":"Nordrhein-Westfalen","nuts_code":"DEA11","district_name":"Düsseldorf, Kreisfreie Stadt"},"geometry":{"type":"Point","coordinates":[6.78504,51.21225]}},{"type":"Feature","properties":{"id":"1000412","name":"SWD AG","operator":"Stadtwerke Düsseldorf AG","status":"In Betrieb","charger_type":"Normalladeeinrichtung","charging_points":2,"connectors":2,"power_kw":44.0,"district_text":"Kreisfreie Stadt Düsseldorf","region":"Nordrhein-Westfalen","state":"Nordrhein-Westfalen","nuts_code":"DEA11","district_name":"Düsseldorf, Kreisfreie Stadt"},"geometry":{"type":"Point","coordinates":[6.767812,51.215408]}},{"type":"Feature","properties":{"id":"1034209","name":"SWD AG","operator":"Stadtwerke Düsseldorf AG","status":"In Betrieb","charger_type":"Normalladeeinrichtung","charging_points":2,"connectors":2,"power_kw":44.0,"district_text":"Kreisfreie Stadt Düsseldorf","region":"Nordrhein-Westfalen","state":"Nordrhein-Westfalen","nuts_code":"DEA11","district_name":"Düsseldorf, Kreisfreie Stadt"},"geometry":{"type":"Point","coordinates":[6.769126,51.206646]}},{"type":"Feature","properties":{"id":"1055974","name":"EG Elektromobilität GmbH & Co KG","operator":"EG Elektromobilität GmbH & Co KG","status":"In Betrieb","charger_type":"Normalladeeinrichtung","charging_points":1,"connectors":1,"power_kw":11.0,"district_text":"Kreisfreie Stadt Düsseldorf","region":"Nordrhein-Westfalen","state":"Nordrhein-Westfalen","nuts_code":"DEA11","district_name":"Düsseldorf, Kreisfreie Stadt"},"geometry":{"type":"Point","coordinates":[6.815414,51.218557]}},{"type":"Feature","properties":{"id":"1000151","name":"SWD AG","operator":"Stadtwerke Düsseldorf AG","status":"In Betrieb","charger_type":"Normalladeeinrichtung","charging_points":2,"connectors":2,"power_kw":44.0,"district_text":"Kreisfreie Stadt Düsseldorf","region":"Nordrhein-Westfalen","state":"Nordrhein-Westfalen","nuts_code":"DEA11","district_name":"Düsseldorf, Kreisfreie Stadt"},"geometry":{"type":"Point","coordinates":[6.80685,51.22781]}},{"type":"Feature","properties":{"id":"1151302","name":"Wirelane GmbH","operator":"Wirelane Public I GmbH","status":"In Betrieb","charger_type":"Normalladeeinrichtung","charging_points":2,"connectors":2,"power_kw":44.0,"district_text":"Kreisfreie Stadt Düsseldorf","region":"Nordrhein-Westfalen","state":"Nordrhein-Westfalen","nuts_code":"DEA11","district_name":"Düsseldorf, Kreisfreie Stadt"},"geometry":{"type":"Point","coordinates":[6.803667,51.249611]}},{"type":"Feature","properties":{"id":"1000139","name":"SWD AG","operator":"Stadtwerke Düsseldorf AG","status":"In Betrieb","charger_type":"Schnellladeeinrichtung","charging_points":2,"connectors":2,"power_kw":300.0,"district_text":"Kreisfreie Stadt Düsseldorf","region":"Nordrhein-Westfalen","state":"Nordrhein-Westfalen","nuts_code":"DEA11","district_name":"Düsseldorf, Kreisfreie Stadt"},"geometry":{"type":"Point","coordinates":[6.79383,51.25254]}},{"type":"Feature","properties":{"id":"1116881","name":"Team-Emobility GmbH","operator":"Team-Emobility GmbH","status":"In Betrieb","charger_type":"Normalladeeinrichtung","charging_points":2,"connectors":2,"power_kw":22.0,"district_text":"Kreisfreie Stadt Düsseldorf","region":"Nordrhein-Westfalen","state":"Nordrhein-Westfalen","nuts_code":"DEA11","district_name":"Düsseldorf, Kreisfreie Stadt"},"geometry":{"type":"Point","coordinates":[6.768361,51.276028]}},{"type":"Feature","properties":{"id":"1142891","name":"Qwello Deutschland GmbH","operator":"Qwello Deutschland GmbH","status":"In Betrieb","charger_type":"Normalladeeinrichtung","charging_points":1,"connectors":1,"power_kw":22.0,"district_text":"Kreisfreie Stadt Düsseldorf","region":"Nordrhein-Westfalen","state":"Nordrhein-Westfalen","nuts_code":"DEA11","district_name":"Düsseldorf, Kreisfreie Stadt"},"geometry":{"type":"Point","coordinates":[6.782374,51.242905]}},{"type":"Feature","properties":{"id":"1105857","name":"Mercedes- Benz AG - Niederlassung Rhein-Ruhr","operator":"Mercedes- Benz AG - Niederlassung Rhein-Ruhr","status":"In Betrieb","charger_type":"Normalladeeinrichtung","charging_points":2,"connectors":2,"power_kw":44.0,"district_text":"Kreisfreie Stadt Düsseldorf","region":"Nordrhein-Westfalen","state":"Nordrhein-Westfalen","nuts_code":"DEA11","district_name":"Düsseldorf, Kreisfreie Stadt"},"geometry":{"type":"Point","coordinates":[6.790275,51.240382]}},{"type":"Feature","properties":{"id":"1000345","name":"SWD AG","operator":"Stadtwerke Düsseldorf AG","status":"In Betrieb","charger_type":"Normalladeeinrichtung","charging_points":2,"connectors":2,"power_kw":44.0,"district_text":"Kreisfreie Stadt Düsseldorf","region":"Nordrhein-Westfalen","state":"Nordrhein-Westfalen","nuts_code":"DEA11","district_name":"Düsseldorf, Kreisfreie Stadt"},"geometry":{"type":"Point","coordinates":[6.74918,51.233145]}},{"type":"Feature","properties":{"id":"1093333","name":"Areal Böhler Betriebs GmbH","operator":"Areal Böhler Betriebs GmbH","status":"In Betrieb","charger_type":"Normalladeeinrichtung","charging_points":2,"connectors":2,"power_kw":22.0,"district_text":"Kreisfreie Stadt Düsseldorf","region":"Nordrhein-Westfalen","state":"Nordrhein-Westfalen","nuts_code":"DEA1D","district_name":"Rhein-Kreis Neuss"},"geometry":{"type":"Point","coordinates":[6.713316,51.24465]}},{"type":"Feature","properties":{"id":"1034338","name":"Procar Automobile","operator":"Procar Automobile Düsseldorf GmbH","status":"In Betrieb","charger_type":"Normalladeeinrichtung","charging_points":2,"connectors":2,"power_kw":22.0,"district_text":"Kreisfreie Stadt Düsseldorf","region":"Nordrhein-Westfalen","state":"Nordrhein-Westfalen","nuts_code":"DEA11","district_name":"Düsseldorf, Kreisfreie Stadt"},"geometry":{"type":"Point","coordinates":[6.906498,51.133165]}},{"type":"Feature","properties":{"id":"1151640","name":"Wirelane GmbH","operator":"Wirelane Public I GmbH","status":"In Betrieb","charger_type":"Normalladeeinrichtung","charging_points":2,"connectors":2,"power_kw":44.0,"district_text":"Kreisfreie Stadt Düsseldorf","region":"Nordrhein-Westfalen","state":"Nordrhein-Westfalen","nuts_code":"DEA11","district_name":"Düsseldorf, Kreisfreie Stadt"},"geometry":{"type":"Point","coordinates":[6.848611,51.218472]}},{"type":"Feature","properties":{"id":"1139483","name":"E.ON Drive GmbH","operator":"E.ON Drive GmbH","status":"In Betrieb","charger_type":"Normalladeeinrichtung","charging_points":1,"connectors":1,"power_kw":11.0,"district_text":"Kreisfreie Stadt Essen","region":"Nordrhein-Westfalen","state":"Nordrhein-Westfalen","nuts_code":"DEA13","district_name":"Essen, Kreisfreie Stadt"},"geometry":{"type":"Point","coordinates":[7.009291,51.445213]}},{"type":"Feature","properties":{"id":"1107064","name":"E.ON Drive GmbH","operator":"E.ON Drive GmbH","status":"In Betrieb","charger_type":"Normalladeeinrichtung","charging_points":1,"connectors":1,"power_kw":11.0,"district_text":"Kreisfreie Stadt Essen","region":"Nordrhein-Westfalen","state":"Nordrhein-Westfalen","nuts_code":"DEA13","district_name":"Essen, Kreisfreie Stadt"},"geometry":{"type":"Point","coordinates":[6.993398,51.425044]}},{"type":"Feature","properties":{"id":"1048872","name":"Lidl","operator":"Lidl Dienstleistung GmbH & Co. KG","status":"In Betrieb","charger_type":"Schnellladeeinrichtung","charging_points":3,"connectors":3,"power_kw":71.0,"district_text":"Kreisfreie Stadt Essen","region":"Nordrhein-Westfalen","state":"Nordrhein-Westfalen","nuts_code":"DEA13","district_name":"Essen, Kreisfreie Stadt"},"geometry":{"type":"Point","coordinates":[7.044732,51.427355]}},{"type":"Feature","properties":{"id":"1153183","name":"GLS Mobility GmbH","operator":"GLS Mobility GmbH","status":"In Betrieb","charger_type":"Normalladeeinrichtung","charging_points":2,"connectors":2,"power_kw":44.0,"district_text":"Kreisfreie Stadt Essen","region":"Nordrhein-Westfalen","state":"Nordrhein-Westfalen","nuts_code":"DEA13","district_name":"Essen, Kreisfreie Stadt"},"geometry":{"type":"Point","coordinates":[7.01671,51.467764]}},{"type":"Feature","properties":{"id":"1047468","name":"Holger Engelbracht","operator":"Holger Engelbracht","status":"In Betrieb","charger_type":"Normalladeeinrichtung","charging_points":1,"connectors":1,"power_kw":11.0,"district_text":"Kreisfreie Stadt Essen","region":"Nordrhein-Westfalen","state":"Nordrhein-Westfalen","nuts_code":"DEA13","district_name":"Essen, Kreisfreie Stadt"},"geometry":{"type":"Point","coordinates":[6.954,51.421]}},{"type":"Feature","properties":{"id":"1043158","name":"Allego","operator":"Allego GmbH","status":"In Betrieb","charger_type":"Normalladeeinrichtung","charging_points":2,"connectors":2,"power_kw":43.0,"district_text":"Kreisfreie Stadt Essen","region":"Nordrhein-Westfalen","state":"Nordrhein-Westfalen","nuts_code":"DEA13","district_name":"Essen, Kreisfreie Stadt"},"geometry":{"type":"Point","coordinates":[7.105496,51.453941]}},{"type":"Feature","properties":{"id":"1151290","name":"Wirelane GmbH","operator":"Wirelane Public I GmbH","status":"In Betrieb","charger_type":"Normalladeeinrichtung","charging_points":2,"connectors":2,"power_kw":44.0,"district_text":"Kreisfreie Stadt Essen","region":"Nordrhein-Westfalen","state":"Nordrhein-Westfalen","nuts_code":"DEA13","district_name":"Essen, Kreisfreie Stadt"},"geometry":{"type":"Point","coordinates":[7.019111,51.502333]}},{"type":"Feature","properties":{"id":"1011554","name":"Comfort Charge","operator":"Comfortcharge GmbH","status":"In Betrieb","charger_type":"Schnellladeeinrichtung","charging_points":2,"connectors":2,"power_kw":200.0,"district_text":"Kreisfreie Stadt Gelsenkirchen","region":"Nordrhein-Westfalen","state":"Nordrhein-Westfalen","nuts_code":"DEA32","district_name":"Gelsenkirchen, Kreisfreie Stadt"},"geometry":{"type":"Point","coordinates":[7.09623,51.50503]}},{"type":"Feature","properties":{"id":"1077917","name":"EnBW mobility+ AG und Co.KG ","operator":"EnBW mobility+ AG und Co.KG ","status":"In Betrieb","charger_type":"Schnellladeeinrichtung","charging_points":2,"connectors":2,"power_kw":150.0,"district_text":"Kreisfreie Stadt Gelsenkirchen","region":"Nordrhein-Westfalen","state":"Nordrhein-Westfalen","nuts_code":"DEA32","district_name":"Gelsenkirchen, Kreisfreie Stadt"},"geometry":{"type":"Point","coordinates":[7.12193,51.514]}},{"type":"Feature","properties":{"id":"1033206","name":"Emscher Lippe Energie GmbH","operator":"Emscher Lippe Energie GmbH","status":"In Betrieb","charger_type":"Normalladeeinrichtung","charging_points":2,"connectors":2,"power_kw":44.0,"district_text":"Kreisfreie Stadt Gelsenkirchen","region":"Nordrhein-Westfalen","state":"Nordrhein-Westfalen","nuts_code":"DEA32","district_name":"Gelsenkirchen, Kreisfreie Stadt"},"geometry":{"type":"Point","coordinates":[7.058733,51.578091]}},{"type":"Feature","properties":{"id":"1040584","name":"Mark-E AG","operator":"Mark-E Aktiengesellschaft","status":"In Betrieb","charger_type":"Normalladeeinrichtung","charging_points":2,"connectors":2,"power_kw":44.0,"district_text":"Kreisfreie Stadt Hagen","region":"Nordrhein-Westfalen","state":"Nordrhein-Westfalen","nuts_code":"DEA53","district_name":"Hagen, Kreisfreie Stadt"},"geometry":{"type":"Point","coordinates":[7.528213,51.349063]}},{"type":"Feature","properties":{"id":"1118624","name":"SolarLoader+ GmbH","operator":"SolarLoader+ GmbH","status":"In Betrieb","charger_type":"Normalladeeinrichtung","charging_points":1,"connectors":1,"power_kw":22.0,"district_text":"Kreisfreie Stadt Hagen","region":"Nordrhein-Westfalen","state":"Nordrhein-Westfalen","nuts_code":"DEA53","district_name":"Hagen, Kreisfreie Stadt"},"geometry":{"type":"Point","coordinates":[7.5571,51.35762]}},{"type":"Feature","properties":{"id":"1140381","name":"HOCHTIEF Ladepartner GmbH","operator":"HOCHTIEF Ladepartner GmbH","status":"In Betrieb","charger_type":"Normalladeeinrichtung","charging_points":2,"connectors":2,"power_kw":22.0,"district_text":"Kreisfreie Stadt Hamm","region":"Nordrhein-Westfalen","state":"Nordrhein-Westfalen","nuts_code":"DEA54","district_name":"Hamm, Kreisfreie Stadt"},"geometry":{"type":"Point","coordinates":[7.8222,51.67444]}},{"type":"Feature","properties":{"id":"1001043","name":"Reload-Solution GmbH","operator":"Reload-Solution GmbH","status":"In Betrieb","charger_type":"Normalladeeinrichtung","charging_points":2,"connectors":2,"power_kw":22.0,"district_text":"Kreisfreie Stadt Hamm","region":"Nordrhein-Westfalen","state":"Nordrhein-Westfalen","nuts_code":"DEA54","district_name":"Hamm, Kreisfreie Stadt"},"geometry":{"type":"Point","coordinates":[7.852722,51.690865]}},{"type":"Feature","properties":{"id":"1046758","name":"HOCHTIEF Ladepartner GmbH","operator":"HOCHTIEF Ladepartner GmbH","status":"In Betrieb","charger_type":"Normalladeeinrichtung","charging_points":2,"connectors":2,"power_kw":44.0,"district_text":"Kreisfreie Stadt Herne","region":"Nordrhein-Westfalen","state":"Nordrhein-Westfalen","nuts_code":"DEA55","district_name":"Herne, Kreisfreie Stadt"},"geometry":{"type":"Point","coordinates":[7.223688,51.536443]}},{"type":"Feature","properties":{"id":"1153066","name":"GLS Mobility GmbH","operator":"GLS Mobility GmbH","status":"In Betrieb","charger_type":"Normalladeeinrichtung","charging_points":2,"connectors":2,"power_kw":44.0,"district_text":"Kreisfreie Stadt Herne","region":"Nordrhein-Westfalen","state":"Nordrhein-Westfalen","nuts_code":"DEA55","district_name":"Herne, Kreisfreie Stadt"},"geometry":{"type":"Point","coordinates":[7.182592,51.525827]}},{"type":"Feature","properties":{"id":"1137237","name":"Servipark Deutschland GmbH","operator":"Servipark Deutschland GmbH","status":"In Betrieb","charger_type":"Normalladeeinrichtung","charging_points":1,"connectors":1,"power_kw":22.0,"district_text":"Kreisfreie Stadt Köln","region":"Nordrhein-Westfalen","state":"Nordrhein-Westfalen","nuts_code":"DEA23","district_name":"Köln, Kreisfreie Stadt"},"geometry":{"type":"Point","coordinates":[6.951402,50.935542]}},{"type":"Feature","properties":{"id":"1059578","name":"TankE GmbH","operator":"TankE GmbH","status":"In Betrieb","charger_type":"Normalladeeinrichtung","charging_points":2,"connectors":2,"power_kw":44.0,"district_text":"Kreisfreie Stadt Köln","region":"Nordrhein-Westfalen","state":"Nordrhein-Westfalen","nuts_code":"DEA23","district_name":"Köln, Kreisfreie Stadt"},"geometry":{"type":"Point","coordinates":[6.93788,50.94018]}},{"type":"Feature","properties":{"id":"1077432","name":"TankE GmbH","operator":"TankE GmbH","status":"In Betrieb","charger_type":"Normalladeeinrichtung","charging_points":2,"connectors":2,"power_kw":22.0,"district_text":"Kreisfreie Stadt Köln","region":"Nordrhein-Westfalen","state":"Nordrhein-Westfalen","nuts_code":"DEA23","district_name":"Köln, Kreisfreie Stadt"},"geometry":{"type":"Point","coordinates":[6.98831,50.944199]}},{"type":"Feature","properties":{"id":"1118077","name":"TankE GmbH","operator":"TankE GmbH","status":"In Betrieb","charger_type":"Normalladeeinrichtung","charging_points":1,"connectors":1,"power_kw":11.0,"district_text":"Kreisfreie Stadt Köln","region":"Nordrhein-Westfalen","state":"Nordrhein-Westfalen","nuts_code":"DEA23","district_name":"Köln, Kreisfreie Stadt"},"geometry":{"type":"Point","coordinates":[6.9543,50.962449]}},{"type":"Feature","properties":{"id":"1059392","name":"TankE GmbH","operator":"TankE GmbH","status":"In Betrieb","charger_type":"Normalladeeinrichtung","charging_points":2,"connectors":2,"power_kw":44.0,"district_text":"Kreisfreie Stadt Köln","region":"Nordrhein-Westfalen","state":"Nordrhein-Westfalen","nuts_code":"DEA23","district_name":"Köln, Kreisfreie Stadt"},"geometry":{"type":"Point","coordinates":[6.890217,51.015485]}},{"type":"Feature","properties":{"id":"1128000","name":"TankE GmbH","operator":"TankE GmbH","status":"In Betrieb","charger_type":"Normalladeeinrichtung","charging_points":2,"connectors":2,"power_kw":44.0,"district_text":"Kreisfreie Stadt Köln","region":"Nordrhein-Westfalen","state":"Nordrhein-Westfalen","nuts_code":"DEA23","district_name":"Köln, Kreisfreie Stadt"},"geometry":{"type":"Point","coordinates":[6.924734,50.939808]}},{"type":"Feature","properties":{"id":"1059532","name":"TankE GmbH","operator":"TankE GmbH","status":"In Betrieb","charger_type":"Normalladeeinrichtung","charging_points":2,"connectors":2,"power_kw":44.0,"district_text":"Kreisfreie Stadt Köln","region":"Nordrhein-Westfalen","state":"Nordrhein-Westfalen","nuts_code":"DEA23","district_name":"Köln, Kreisfreie Stadt"},"geometry":{"type":"Point","coordinates":[6.904612,50.973838]}},{"type":"Feature","properties":{"id":"1006004","name":"STAWAG - Stadt- und Städteregionswerke Aachen AG","operator":"STAWAG - Stadt- und Städteregionswerke Aachen AG","status":"In Betrieb","charger_type":"Normalladeeinrichtung","charging_points":2,"connectors":2,"power_kw":44.0,"district_text":"Kreisfreie Stadt Köln","region":"Nordrhein-Westfalen","state":"Nordrhein-Westfalen","nuts_code":"DEA23","district_name":"Köln, Kreisfreie Stadt"},"geometry":{"type":"Point","coordinates":[6.88607,50.98731]}},{"type":"Feature","properties":{"id":"1135631","name":"TankE GmbH","operator":"TankE GmbH","status":"In Betrieb","charger_type":"Schnellladeeinrichtung","charging_points":2,"connectors":2,"power_kw":100.0,"district_text":"Kreisfreie Stadt Köln","region":"Nordrhein-Westfalen","state":"Nordrhein-Westfalen","nuts_code":"DEA23","district_name":"Köln, Kreisfreie Stadt"},"geometry":{"type":"Point","coordinates":[6.89784,50.97973]}},{"type":"Feature","properties":{"id":"1118614","name":"TankE GmbH","operator":"TankE GmbH","status":"In Betrieb","charger_type":"Normalladeeinrichtung","charging_points":2,"connectors":2,"power_kw":44.0,"district_text":"Kreisfreie Stadt Köln","region":"Nordrhein-Westfalen","state":"Nordrhein-Westfalen","nuts_code":"DEA23","district_name":"Köln, Kreisfreie Stadt"},"geometry":{"type":"Point","coordinates":[6.815948,50.93951]}},{"type":"Feature","properties":{"id":"1048855","name":"Lidl","operator":"Lidl Dienstleistung GmbH & Co. KG","status":"In Betrieb","charger_type":"Schnellladeeinrichtung","charging_points":2,"connectors":2,"power_kw":360.0,"district_text":"Kreisfreie Stadt Köln","region":"Nordrhein-Westfalen","state":"Nordrhein-Westfalen","nuts_code":"DEA23","district_name":"Köln, Kreisfreie Stadt"},"geometry":{"type":"Point","coordinates":[6.890908,50.946783]}},{"type":"Feature","properties":{"id":"1120486","name":"TankE GmbH","operator":"TankE GmbH","status":"In Betrieb","charger_type":"Normalladeeinrichtung","charging_points":2,"connectors":2,"power_kw":44.0,"district_text":"Kreisfreie Stadt Köln","region":"Nordrhein-Westfalen","state":"Nordrhein-Westfalen","nuts_code":"DEA23","district_name":"Köln, Kreisfreie Stadt"},"geometry":{"type":"Point","coordinates":[6.946039,50.902664]}},{"type":"Feature","properties":{"id":"1059586","name":"TankE GmbH","operator":"TankE GmbH","status":"In Betrieb","charger_type":"Normalladeeinrichtung","charging_points":2,"connectors":2,"power_kw":44.0,"district_text":"Kreisfreie Stadt Köln","region":"Nordrhein-Westfalen","state":"Nordrhein-Westfalen","nuts_code":"DEA23","district_name":"Köln, Kreisfreie Stadt"},"geometry":{"type":"Point","coordinates":[7.00758,50.96507]}},{"type":"Feature","properties":{"id":"1059429","name":"TankE GmbH","operator":"TankE GmbH","status":"In Betrieb","charger_type":"Normalladeeinrichtung","charging_points":2,"connectors":2,"power_kw":44.0,"district_text":"Kreisfreie Stadt Köln","region":"Nordrhein-Westfalen","state":"Nordrhein-Westfalen","nuts_code":"DEA23","district_name":"Köln, Kreisfreie Stadt"},"geometry":{"type":"Point","coordinates":[7.07184,50.983466]}},{"type":"Feature","properties":{"id":"1075499","name":"TankE GmbH","operator":"TankE GmbH","status":"In Betrieb","charger_type":"Normalladeeinrichtung","charging_points":2,"connectors":2,"power_kw":44.0,"district_text":"Kreisfreie Stadt Köln","region":"Nordrhein-Westfalen","state":"Nordrhein-Westfalen","nuts_code":"DEA23","district_name":"Köln, Kreisfreie Stadt"},"geometry":{"type":"Point","coordinates":[7.066743,50.941787]}},{"type":"Feature","properties":{"id":"1135283","name":"Flughafen Köln/Bonn GmbH","operator":"Flughafen Köln/Bonn GmbH","status":"In Betrieb","charger_type":"Normalladeeinrichtung","charging_points":1,"connectors":1,"power_kw":22.0,"district_text":"Kreisfreie Stadt Köln","region":"Nordrhein-Westfalen","state":"Nordrhein-Westfalen","nuts_code":"DEA23","district_name":"Köln, Kreisfreie Stadt"},"geometry":{"type":"Point","coordinates":[7.118762,50.879465]}},{"type":"Feature","properties":{"id":"1055373","name":"Aral Pulse","operator":"BP Europa SE","status":"In Betrieb","charger_type":"Schnellladeeinrichtung","charging_points":2,"connectors":2,"power_kw":300.0,"district_text":"Kreisfreie Stadt Köln","region":"Nordrhein-Westfalen","state":"Nordrhein-Westfalen","nuts_code":"DEA23","district_name":"Köln, Kreisfreie Stadt"},"geometry":{"type":"Point","coordinates":[7.020733,50.903603]}},{"type":"Feature","properties":{"id":"1027197","name":"EnBW mobility+ AG und Co.KG ","operator":"EnBW mobility+ AG und Co.KG ","status":"In Betrieb","charger_type":"Schnellladeeinrichtung","charging_points":2,"connectors":2,"power_kw":150.0,"district_text":"Kreisfreie Stadt Krefeld","region":"Nordrhein-Westfalen","state":"Nordrhein-Westfalen","nuts_code":"DEA14","district_name":"Krefeld, Kreisfreie Stadt"},"geometry":{"type":"Point","coordinates":[6.52888,51.3288]}},{"type":"Feature","properties":{"id":"1081997","name":"eze.network GmbH","operator":"eze.network GmbH","status":"In Betrieb","charger_type":"Normalladeeinrichtung","charging_points":2,"connectors":2,"power_kw":22.0,"district_text":"Kreisfreie Stadt Leverkusen","region":"Nordrhein-Westfalen","state":"Nordrhein-Westfalen","nuts_code":"DEA24","district_name":"Leverkusen, Kreisfreie Stadt"},"geometry":{"type":"Point","coordinates":[6.984998,51.046652]}},{"type":"Feature","properties":{"id":"1091532","name":"Energieversorgung Leverkusen GmbH & CO.KG","operator":"Energieversorgung Leverkusen GmbH & CO.KG","status":"In Betrieb","charger_type":"Normalladeeinrichtung","charging_points":2,"connectors":2,"power_kw":44.0,"district_text":"Kreisfreie Stadt Leverkusen","region":"Nordrhein-Westfalen","state":"Nordrhein-Westfalen","nuts_code":"DEA24","district_name":"Leverkusen, Kreisfreie Stadt"},"geometry":{"type":"Point","coordinates":[7.046273,51.033387]}},{"type":"Feature","properties":{"id":"1142535","name":"Qwello Deutschland GmbH","operator":"Qwello Deutschland GmbH","status":"In Betrieb","charger_type":"Normalladeeinrichtung","charging_points":1,"connectors":1,"power_kw":22.0,"district_text":"Kreisfreie Stadt Leverkusen","region":"Nordrhein-Westfalen","state":"Nordrhein-Westfalen","nuts_code":"DEA24","district_name":"Leverkusen, Kreisfreie Stadt"},"geometry":{"type":"Point","coordinates":[7.024886,51.061443]}},{"type":"Feature","properties":{"id":"1115380","name":"NEW","operator":"NEW Niederrhein Energie und Wasser GmbH","status":"In Betrieb","charger_type":"Normalladeeinrichtung","charging_points":2,"connectors":2,"power_kw":22.0,"district_text":"Kreisfreie Stadt Mönchengladbach","region":"Nordrhein-Westfalen","state":"Nordrhein-Westfalen","nuts_code":"DEA15","district_name":"Mönchengladbach, Kreisfreie Stadt"},"geometry":{"type":"Point","coordinates":[6.447365,51.202807]}},{"type":"Feature","properties":{"id":"1081004","name":"NEW","operator":"NEW Niederrhein Energie und Wasser GmbH","status":"In Betrieb","charger_type":"Normalladeeinrichtung","charging_points":2,"connectors":2,"power_kw":30.0,"district_text":"Kreisfreie Stadt Mönchengladbach","region":"Nordrhein-Westfalen","state":"Nordrhein-Westfalen","nuts_code":"DEA15","district_name":"Mönchengladbach, Kreisfreie Stadt"},"geometry":{"type":"Point","coordinates":[6.495404,51.231659]}},{"type":"Feature","properties":{"id":"1121658","name":"NEW","operator":"NEW Niederrhein Energie und Wasser GmbH","status":"In Betrieb","charger_type":"Normalladeeinrichtung","charging_points":2,"connectors":2,"power_kw":22.0,"district_text":"Kreisfreie Stadt Mönchengladbach","region":"Nordrhein-Westfalen","state":"Nordrhein-Westfalen","nuts_code":"DEA15","district_name":"Mönchengladbach, Kreisfreie Stadt"},"geometry":{"type":"Point","coordinates":[6.364179,51.148691]}},{"type":"Feature","properties":{"id":"1046995","name":"NEW","operator":"NEW Niederrhein Energie und Wasser GmbH","status":"In Betrieb","charger_type":"Normalladeeinrichtung","charging_points":2,"connectors":2,"power_kw":22.0,"district_text":"Kreisfreie Stadt Mönchengladbach","region":"Nordrhein-Westfalen","state":"Nordrhein-Westfalen","nuts_code":"DEA15","district_name":"Mönchengladbach, Kreisfreie Stadt"},"geometry":{"type":"Point","coordinates":[6.448204,51.157656]}},{"type":"Feature","properties":{"id":"1151096","name":"medl","operator":"medl GmbH","status":"In Betrieb","charger_type":"Normalladeeinrichtung","charging_points":2,"connectors":2,"power_kw":44.0,"district_text":"Kreisfreie Stadt Mülheim an der Ruhr","region":"Nordrhein-Westfalen","state":"Nordrhein-Westfalen","nuts_code":"DEA16","district_name":"Mülheim an der Ruhr, Kreisfreie Stadt"},"geometry":{"type":"Point","coordinates":[6.907329,51.434417]}},{"type":"Feature","properties":{"id":"1026678","name":"EnBW mobility+ AG und Co.KG ","operator":"EnBW mobility+ AG und Co.KG ","status":"In Betrieb","charger_type":"Schnellladeeinrichtung","charging_points":2,"connectors":2,"power_kw":150.0,"district_text":"Kreisfreie Stadt Mülheim an der Ruhr","region":"Nordrhein-Westfalen","state":"Nordrhein-Westfalen","nuts_code":"DEA16","district_name":"Mülheim an der Ruhr, Kreisfreie Stadt"},"geometry":{"type":"Point","coordinates":[6.86094,51.43097]}},{"type":"Feature","properties":{"id":"1144374","name":"Stadtwerke Münster GmbH","operator":"Stadtwerke Münster GmbH","status":"In Betrieb","charger_type":"Normalladeeinrichtung","charging_points":2,"connectors":2,"power_kw":44.0,"district_text":"Kreisfreie Stadt Münster","region":"Nordrhein-Westfalen","state":"Nordrhein-Westfalen","nuts_code":"DEA33","district_name":"Münster, Kreisfreie Stadt"},"geometry":{"type":"Point","coordinates":[7.639808,51.968298]}},{"type":"Feature","properties":{"id":"1144380","name":"Stadtwerke Münster GmbH","operator":"Stadtwerke Münster GmbH","status":"In Betrieb","charger_type":"Normalladeeinrichtung","charging_points":2,"connectors":2,"power_kw":44.0,"district_text":"Kreisfreie Stadt Münster","region":"Nordrhein-Westfalen","state":"Nordrhein-Westfalen","nuts_code":"DEA33","district_name":"Münster, Kreisfreie Stadt"},"geometry":{"type":"Point","coordinates":[7.608037,51.946391]}},{"type":"Feature","properties":{"id":"1136196","name":"L. Stroetmann Unternehmensgruppe","operator":"L. Stroetmann Unternehmensgruppe","status":"In Betrieb","charger_type":"Normalladeeinrichtung","charging_points":2,"connectors":2,"power_kw":22.0,"district_text":"Kreisfreie Stadt Münster","region":"Nordrhein-Westfalen","state":"Nordrhein-Westfalen","nuts_code":"DEA33","district_name":"Münster, Kreisfreie Stadt"},"geometry":{"type":"Point","coordinates":[7.644807,51.952931]}},{"type":"Feature","properties":{"id":"1055745","name":"Stadtwerke Münster GmbH","operator":"Stadtwerke Münster GmbH","status":"In Betrieb","charger_type":"Normalladeeinrichtung","charging_points":2,"connectors":2,"power_kw":44.0,"district_text":"Kreisfreie Stadt Münster","region":"Nordrhein-Westfalen","state":"Nordrhein-Westfalen","nuts_code":"DEA33","district_name":"Münster, Kreisfreie Stadt"},"geometry":{"type":"Point","coordinates":[7.603978,51.994954]}},{"type":"Feature","properties":{"id":"1055704","name":"Stadtwerke Münster GmbH","operator":"Stadtwerke Münster GmbH","status":"In Betrieb","charger_type":"Normalladeeinrichtung","charging_points":2,"connectors":2,"power_kw":44.0,"district_text":"Kreisfreie Stadt Münster","region":"Nordrhein-Westfalen","state":"Nordrhein-Westfalen","nuts_code":"DEA33","district_name":"Münster, Kreisfreie Stadt"},"geometry":{"type":"Point","coordinates":[7.650447,51.904983]}},{"type":"Feature","properties":{"id":"1035237","name":"Energieversorgung Oberhausen AG","operator":"Energieversorgung Oberhausen AG","status":"In Betrieb","charger_type":"Normalladeeinrichtung","charging_points":1,"connectors":1,"power_kw":22.0,"district_text":"Kreisfreie Stadt Oberhausen","region":"Nordrhein-Westfalen","state":"Nordrhein-Westfalen","nuts_code":"DEA17","district_name":"Oberhausen, Kreisfreie Stadt"},"geometry":{"type":"Point","coordinates":[6.879102,51.488869]}},{"type":"Feature","properties":{"id":"1100073","name":"Tesla Germany GmbH","operator":"Tesla Germany GmbH","status":"In Betrieb","charger_type":"Schnellladeeinrichtung","charging_points":1,"connectors":1,"power_kw":250.0,"district_text":"Kreisfreie Stadt Oberhausen","region":"Nordrhein-Westfalen","state":"Nordrhein-Westfalen","nuts_code":"DEA17","district_name":"Oberhausen, Kreisfreie Stadt"},"geometry":{"type":"Point","coordinates":[6.88661,51.485683]}},{"type":"Feature","properties":{"id":"1102206","name":"Tesla Germany GmbH","operator":"Tesla Germany GmbH","status":"In Betrieb","charger_type":"Schnellladeeinrichtung","charging_points":1,"connectors":1,"power_kw":250.0,"district_text":"Kreisfreie Stadt Oberhausen","region":"Nordrhein-Westfalen","state":"Nordrhein-Westfalen","nuts_code":"DEA17","district_name":"Oberhausen, Kreisfreie Stadt"},"geometry":{"type":"Point","coordinates":[6.84186,51.475748]}},{"type":"Feature","properties":{"id":"1136657","name":"HOCHTIEF Ladepartner GmbH","operator":"HOCHTIEF Ladepartner GmbH","status":"In Betrieb","charger_type":"Normalladeeinrichtung","charging_points":2,"connectors":2,"power_kw":22.0,"district_text":"Kreisfreie Stadt Oberhausen","region":"Nordrhein-Westfalen","state":"Nordrhein-Westfalen","nuts_code":"DEA17","district_name":"Oberhausen, Kreisfreie Stadt"},"geometry":{"type":"Point","coordinates":[6.811238,51.533193]}},{"type":"Feature","properties":{"id":"1138397","name":"Servipark Deutschland GmbH","operator":"Servipark Deutschland GmbH","status":"In Betrieb","charger_type":"Normalladeeinrichtung","charging_points":1,"connectors":1,"power_kw":22.0,"district_text":"Kreisfreie Stadt Remscheid","region":"Nordrhein-Westfalen","state":"Nordrhein-Westfalen","nuts_code":"DEA18","district_name":"Remscheid, Kreisfreie Stadt"},"geometry":{"type":"Point","coordinates":[7.192465,51.180743]}},{"type":"Feature","properties":{"id":"1055842","name":"Stadtwerke Remscheid","operator":"Stadtwerke Remscheid GmbH","status":"In Betrieb","charger_type":"Normalladeeinrichtung","charging_points":2,"connectors":2,"power_kw":44.0,"district_text":"Kreisfreie Stadt Remscheid","region":"Nordrhein-Westfalen","state":"Nordrhein-Westfalen","nuts_code":"DEA18","district_name":"Remscheid, Kreisfreie Stadt"},"geometry":{"type":"Point","coordinates":[7.258457,51.194191]}},{"type":"Feature","properties":{"id":"1129286","name":"Stadtwerke Solingen GmbH","operator":"Stadtwerke Solingen GmbH","status":"In Betrieb","charger_type":"Normalladeeinrichtung","charging_points":2,"connectors":2,"power_kw":44.0,"district_text":"Kreisfreie Stadt Solingen","region":"Nordrhein-Westfalen","state":"Nordrhein-Westfalen","nuts_code":"DEA19","district_name":"Solingen, Kreisfreie Stadt"},"geometry":{"type":"Point","coordinates":[7.062387,51.168049]}},{"type":"Feature","properties":{"id":"1085849","name":"GSM Schmitz & Sohn oHG","operator":"GSM Schmitz & Sohn oHG","status":"In Betrieb","charger_type":"Normalladeeinrichtung","charging_points":1,"connectors":1,"power_kw":11.0,"district_text":"Kreisfreie Stadt Solingen","region":"Nordrhein-Westfalen","state":"Nordrhein-Westfalen","nuts_code":"DEA19","district_name":"Solingen, Kreisfreie Stadt"},"geometry":{"type":"Point","coordinates":[7.068037,51.191975]}},{"type":"Feature","properties":{"id":"1053675","name":"WSW Energie & Wasser AG","operator":"WSW Energie & Wasser AG","status":"In Betrieb","charger_type":"Normalladeeinrichtung","charging_points":2,"connectors":2,"power_kw":44.0,"district_text":"Kreisfreie Stadt Wuppertal","region":"Nordrhein-Westfalen","state":"Nordrhein-Westfalen","nuts_code":"DEA1A","district_name":"Wuppertal, Kreisfreie Stadt"},"geometry":{"type":"Point","coordinates":[7.112036,51.249491]}},{"type":"Feature","properties":{"id":"1129867","name":"Aral Pulse","operator":"BP Europa SE","status":"In Betrieb","charger_type":"Schnellladeeinrichtung","charging_points":2,"connectors":2,"power_kw":300.0,"district_text":"Kreisfreie Stadt Wuppertal","region":"Nordrhein-Westfalen","state":"Nordrhein-Westfalen","nuts_code":"DEA1A","district_name":"Wuppertal, Kreisfreie Stadt"},"geometry":{"type":"Point","coordinates":[7.17721,51.2635]}}],"description":"Representative fixture for frontend development."}
